{
  "aggregate": {
    "legacy_a1_cpu_factorized": {
      "amp_fallbacks": {
        "max": 0.0,
        "median": 0.0,
        "min": 0.0,
        "p95": 0.0,
        "relative_range": null
      },
      "cpu_utilization_median": {
        "max": 1207.7126439032209,
        "median": 1207.3852363236847,
        "min": 1207.3407419436871,
        "p95": 1207.7126439032209,
        "relative_range": 0.00030802261643193856
      },
      "decisions_per_second": {
        "max": 17028.53507860645,
        "median": 16324.164744750513,
        "min": 15868.144759118333,
        "p95": 17028.53507860645,
        "relative_range": 0.0710842078374191
      },
      "frames_per_second": {
        "max": 16289.742966458294,
        "median": 16151.499065369353,
        "min": 15916.462591986865,
        "p95": 16289.742966458294,
        "relative_range": 0.02311119066785477
      },
      "games_per_second": {
        "max": 362.68767990539214,
        "median": 336.33001310448435,
        "min": 324.7040283269477,
        "p95": 362.68767990539214,
        "relative_range": 0.11293565872351817
      },
      "gpu_utilization_median": {
        "max": 3.0,
        "median": 3.0,
        "min": 3.0,
        "p95": 3.0,
        "relative_range": 0.0
      },
      "gpu_utilization_p95": {
        "max": 9.0,
        "median": 6.0,
        "min": 6.0,
        "p95": 9.0,
        "relative_range": 0.5
      },
      "learner_updates_per_second": {
        "max": 5.090544677018217,
        "median": 5.047343457927923,
        "min": 4.9738945599958955,
        "p95": 5.090544677018217,
        "relative_range": 0.02311119066785475
      },
      "legal_actions_max": {
        "max": 669.0,
        "median": 625.0,
        "min": 624.0,
        "p95": 669.0,
        "relative_range": 0.072
      },
      "legal_actions_p50": {
        "max": 2.0,
        "median": 2.0,
        "min": 2.0,
        "p95": 2.0,
        "relative_range": 0.0
      },
      "legal_actions_p95": {
        "max": 25.0,
        "median": 23.0,
        "min": 22.0,
        "p95": 25.0,
        "relative_range": 0.13043478260869565
      },
      "policy_lag_max": {
        "max": 15.655000686645508,
        "median": 15.344999313354492,
        "min": 14.834999084472656,
        "p95": 15.655000686645508,
        "relative_range": 0.05343770862597681
      },
      "repeat": {
        "max": 3.0,
        "median": 2.0,
        "min": 1.0,
        "p95": 3.0,
        "relative_range": 1.0
      },
      "repeats": 3,
      "rss_mib_max": {
        "max": 8800.82421875,
        "median": 8799.9921875,
        "min": 8768.08984375,
        "p95": 8800.82421875,
        "relative_range": 0.0037198186433049034
      },
      "single_legal_ratio": {
        "max": 0.44164349532103486,
        "median": 0.4077767218080841,
        "min": 0.38345572870022093,
        "p95": 0.44164349532103486,
        "relative_range": 0.14269516504720786
      },
      "transitions_per_second": {
        "max": 17088.86285041311,
        "median": 16362.46503327284,
        "min": 15904.619985891637,
        "p95": 17088.86285041311,
        "relative_range": 0.07237557801427415
      },
      "vram_mib_max": {
        "max": 1300.0,
        "median": 1300.0,
        "min": 1260.0,
        "p95": 1300.0,
        "relative_range": 0.03076923076923077
      },
      "wall_seconds": {
        "max": 15.414621320000151,
        "median": 15.369543740991503,
        "min": 15.319839244999457,
        "p95": 15.414621320000151,
        "relative_range": 0.0061668762975640255
      }
    }
  },
  "environment": {
    "cuda_available": true,
    "cudnn": 92000,
    "git_sha": "ce6c4237fd18207b9dd8c3c15b94e9cdaa8fdac5",
    "gpu": "NVIDIA GeForce RTX 5070, 595.71.05, 12227",
    "platform": "Linux-7.0.0-28-generic-x86_64-with-glibc2.39",
    "python": "3.12.3",
    "torch": "2.12.1+cu132",
    "torch_cuda": "13.2"
  },
  "protocol": {
    "checkpoint_disabled": true,
    "measure_frames": 128000,
    "repeats": 3,
    "warmup_frames": 64000
  },
  "raw_runs": [
    {
      "amp_fallbacks": 0.0,
      "configuration": "legacy_a1_cpu_factorized",
      "cpu_utilization_median": 1207.7126439032209,
      "decisions_per_second": 15868.144759118333,
      "frames_per_second": 15916.462591986865,
      "games_per_second": 336.33001310448435,
      "gpu_utilization_median": 3.0,
      "gpu_utilization_p95": 9.0,
      "learner_updates_per_second": 4.9738945599958955,
      "legal_actions_max": 625,
      "legal_actions_p50": 2,
      "legal_actions_p95": 25,
      "policy_lag_max": 15.655000686645508,
      "repeat": 1,
      "rss_mib_max": 8799.9921875,
      "single_legal_ratio": 0.38345572870022093,
      "transitions_per_second": 15904.619985891637,
      "vram_mib_max": 1260.0,
      "wall_seconds": 15.414621320000151
    },
    {
      "amp_fallbacks": 0.0,
      "configuration": "legacy_a1_cpu_factorized",
      "cpu_utilization_median": 1207.3852363236847,
      "decisions_per_second": 16324.164744750513,
      "frames_per_second": 16289.742966458294,
      "games_per_second": 324.7040283269477,
      "gpu_utilization_median": 3.0,
      "gpu_utilization_p95": 6.0,
      "learner_updates_per_second": 5.090544677018217,
      "legal_actions_max": 624,
      "legal_actions_p50": 2,
      "legal_actions_p95": 23,
      "policy_lag_max": 15.344999313354492,
      "repeat": 2,
      "rss_mib_max": 8768.08984375,
      "single_legal_ratio": 0.4077767218080841,
      "transitions_per_second": 16362.46503327284,
      "vram_mib_max": 1300.0,
      "wall_seconds": 15.369543740991503
    },
    {
      "amp_fallbacks": 0.0,
      "configuration": "legacy_a1_cpu_factorized",
      "cpu_utilization_median": 1207.3407419436871,
      "decisions_per_second": 17028.53507860645,
      "frames_per_second": 16151.499065369353,
      "games_per_second": 362.68767990539214,
      "gpu_utilization_median": 3.0,
      "gpu_utilization_p95": 6.0,
      "learner_updates_per_second": 5.047343457927923,
      "legal_actions_max": 669,
      "legal_actions_p50": 2,
      "legal_actions_p95": 22,
      "policy_lag_max": 14.834999084472656,
      "repeat": 3,
      "rss_mib_max": 8800.82421875,
      "single_legal_ratio": 0.44164349532103486,
      "transitions_per_second": 17088.86285041311,
      "vram_mib_max": 1300.0,
      "wall_seconds": 15.319839244999457
    }
  ],
  "schema_version": "legacy-training-benchmark-v1"
}
