{
  "aggregate": {
    "legacy_a1_cpu_factorized": {
      "amp_fallbacks": {
        "max": 0.0,
        "median": 0.0,
        "min": 0.0,
        "p95": 0.0,
        "relative_range": null
      },
      "cpu_utilization_median": {
        "max": 1208.5663013156063,
        "median": 1207.7219609348354,
        "min": 1207.5195363418707,
        "p95": 1208.5663013156063,
        "relative_range": 0.0008667267861266806
      },
      "decisions_per_second": {
        "max": 16297.722517412454,
        "median": 15383.119614381854,
        "min": 14766.094276877391,
        "p95": 16297.722517412454,
        "relative_range": 0.09956551589855196
      },
      "frames_per_second": {
        "max": 14963.581196861887,
        "median": 14785.643213399899,
        "min": 14656.822431074293,
        "p95": 14963.581196861887,
        "relative_range": 0.020747069394288182
      },
      "games_per_second": {
        "max": 369.1469042350185,
        "median": 345.8101428381921,
        "min": 340.59785259439053,
        "p95": 369.1469042350185,
        "relative_range": 0.08255701063686365
      },
      "gpu_utilization_median": {
        "max": 0.0,
        "median": 0.0,
        "min": 0.0,
        "p95": 0.0,
        "relative_range": null
      },
      "gpu_utilization_p95": {
        "max": 9.0,
        "median": 6.0,
        "min": 6.0,
        "p95": 9.0,
        "relative_range": 0.5
      },
      "learner_updates_per_second": {
        "max": 4.67611912401934,
        "median": 4.6205135041874685,
        "min": 4.580257009710717,
        "p95": 4.67611912401934,
        "relative_range": 0.02074706939428805
      },
      "legal_actions_max": {
        "max": 747.0,
        "median": 737.0,
        "min": 607.0,
        "p95": 747.0,
        "relative_range": 0.18995929443690637
      },
      "legal_actions_p50": {
        "max": 3.0,
        "median": 2.0,
        "min": 2.0,
        "p95": 3.0,
        "relative_range": 0.5
      },
      "legal_actions_p95": {
        "max": 30.0,
        "median": 27.0,
        "min": 21.0,
        "p95": 30.0,
        "relative_range": 0.3333333333333333
      },
      "policy_lag_max": {
        "max": 0.10250091552734375,
        "median": 0.0,
        "min": 0.0,
        "p95": 0.10250091552734375,
        "relative_range": null
      },
      "repeat": {
        "max": 3.0,
        "median": 2.0,
        "min": 1.0,
        "p95": 3.0,
        "relative_range": 1.0
      },
      "repeats": 3,
      "rss_mib_max": {
        "max": 8790.08984375,
        "median": 8767.83984375,
        "min": 8765.69140625,
        "p95": 8790.08984375,
        "relative_range": 0.0027827193396320984
      },
      "single_legal_ratio": {
        "max": 0.39493657050340547,
        "median": 0.3619011521050411,
        "min": 0.3390644155920887,
        "p95": 0.39493657050340547,
        "relative_range": 0.15438512584535782
      },
      "transitions_per_second": {
        "max": 16333.016083181838,
        "median": 15390.710457995876,
        "min": 14787.686917066028,
        "p95": 16333.016083181838,
        "relative_range": 0.10040661672723304
      },
      "vram_mib_max": {
        "max": 1496.0,
        "median": 1280.0,
        "min": 1260.0,
        "p95": 1496.0,
        "relative_range": 0.184375
      },
      "wall_seconds": {
        "max": 16.41854385699844,
        "median": 16.363361203009845,
        "min": 16.324098986995523,
        "p95": 16.41854385699844,
        "relative_range": 0.005771727998373892
      }
    }
  },
  "environment": {
    "cuda_available": true,
    "cudnn": 92000,
    "git_sha": "ce6c4237fd18207b9dd8c3c15b94e9cdaa8fdac5",
    "gpu": "NVIDIA GeForce RTX 5070, 595.71.05, 12227",
    "platform": "Linux-7.0.0-28-generic-x86_64-with-glibc2.39",
    "python": "3.12.3",
    "torch": "2.12.1+cu132",
    "torch_cuda": "13.2"
  },
  "protocol": {
    "checkpoint_disabled": true,
    "measure_frames": 128000,
    "repeats": 3,
    "warmup_frames": 64000
  },
  "raw_runs": [
    {
      "amp_fallbacks": 0.0,
      "configuration": "legacy_a1_cpu_factorized",
      "cpu_utilization_median": 1207.7219609348354,
      "decisions_per_second": 14766.094276877391,
      "frames_per_second": 14656.822431074293,
      "games_per_second": 369.1469042350185,
      "gpu_utilization_median": 0.0,
      "gpu_utilization_p95": 9.0,
      "learner_updates_per_second": 4.580257009710717,
      "legal_actions_max": 737,
      "legal_actions_p50": 3,
      "legal_actions_p95": 30,
      "policy_lag_max": 0.10250091552734375,
      "repeat": 1,
      "rss_mib_max": 8790.08984375,
      "single_legal_ratio": 0.3390644155920887,
      "transitions_per_second": 14787.686917066028,
      "vram_mib_max": 1496.0,
      "wall_seconds": 16.41854385699844
    },
    {
      "amp_fallbacks": 0.0,
      "configuration": "legacy_a1_cpu_factorized",
      "cpu_utilization_median": 1208.5663013156063,
      "decisions_per_second": 15383.119614381854,
      "frames_per_second": 14785.643213399899,
      "games_per_second": 340.59785259439053,
      "gpu_utilization_median": 0.0,
      "gpu_utilization_p95": 6.0,
      "learner_updates_per_second": 4.6205135041874685,
      "legal_actions_max": 747,
      "legal_actions_p50": 2,
      "legal_actions_p95": 27,
      "policy_lag_max": 0.0,
      "repeat": 2,
      "rss_mib_max": 8767.83984375,
      "single_legal_ratio": 0.3619011521050411,
      "transitions_per_second": 15390.710457995876,
      "vram_mib_max": 1280.0,
      "wall_seconds": 16.363361203009845
    },
    {
      "amp_fallbacks": 0.0,
      "configuration": "legacy_a1_cpu_factorized",
      "cpu_utilization_median": 1207.5195363418707,
      "decisions_per_second": 16297.722517412454,
      "frames_per_second": 14963.581196861887,
      "games_per_second": 345.8101428381921,
      "gpu_utilization_median": 0.0,
      "gpu_utilization_p95": 6.0,
      "learner_updates_per_second": 4.67611912401934,
      "legal_actions_max": 607,
      "legal_actions_p50": 2,
      "legal_actions_p95": 21,
      "policy_lag_max": 0.0,
      "repeat": 3,
      "rss_mib_max": 8765.69140625,
      "single_legal_ratio": 0.39493657050340547,
      "transitions_per_second": 16333.016083181838,
      "vram_mib_max": 1260.0,
      "wall_seconds": 16.324098986995523
    }
  ],
  "schema_version": "legacy-training-benchmark-v1"
}
