{
  "aggregate": {
    "legacy_b0_gpu_actor": {
      "amp_fallbacks": {
        "max": 0.0,
        "median": 0.0,
        "min": 0.0,
        "p95": 0.0,
        "relative_range": null
      },
      "cpu_utilization_median": {
        "max": 201.05627000317807,
        "median": 200.99081155979667,
        "min": 200.2045778724761,
        "p95": 201.05627000317807,
        "relative_range": 0.004237467992155335
      },
      "decisions_per_second": {
        "max": 2076.4594265287965,
        "median": 2068.857252422971,
        "min": 2002.88763009149,
        "p95": 2076.4594265287965,
        "relative_range": 0.035561562476648274
      },
      "frames_per_second": {
        "max": 2295.3383256957627,
        "median": 2274.3621149526184,
        "min": 2271.793062139545,
        "p95": 2295.3383256957627,
        "relative_range": 0.010352469117130166
      },
      "games_per_second": {
        "max": 41.0197452875383,
        "median": 34.94242719027925,
        "min": 34.78683126401178,
        "p95": 41.0197452875383,
        "relative_range": 0.1783766762848253
      },
      "gpu_utilization_median": {
        "max": 87.0,
        "median": 86.0,
        "min": 85.0,
        "p95": 87.0,
        "relative_range": 0.023255813953488372
      },
      "gpu_utilization_p95": {
        "max": 91.0,
        "median": 90.0,
        "min": 89.0,
        "p95": 91.0,
        "relative_range": 0.022222222222222223
      },
      "learner_updates_per_second": {
        "max": 0.7172932267799259,
        "median": 0.7107381609226933,
        "min": 0.7099353319186078,
        "p95": 0.7172932267799259,
        "relative_range": 0.010352469117130211
      },
      "legal_actions_max": {
        "max": 480.0,
        "median": 433.0,
        "min": 359.0,
        "p95": 480.0,
        "relative_range": 0.279445727482679
      },
      "legal_actions_p50": {
        "max": 3.0,
        "median": 2.0,
        "min": 2.0,
        "p95": 3.0,
        "relative_range": 0.5
      },
      "legal_actions_p95": {
        "max": 25.0,
        "median": 24.0,
        "min": 23.0,
        "p95": 25.0,
        "relative_range": 0.08333333333333333
      },
      "policy_lag_max": {
        "max": 1.986562728881836,
        "median": 1.9700002670288086,
        "min": 1.958437442779541,
        "p95": 1.986562728881836,
        "relative_range": 0.014276793040598926
      },
      "repeat": {
        "max": 3.0,
        "median": 2.0,
        "min": 1.0,
        "p95": 3.0,
        "relative_range": 1.0
      },
      "repeats": 3,
      "rss_mib_max": {
        "max": 3436.34375,
        "median": 3420.9296875,
        "min": 3419.01171875,
        "p95": 3436.34375,
        "relative_range": 0.005066468133890869
      },
      "single_legal_ratio": {
        "max": 0.3236788121519977,
        "median": 0.314144091087554,
        "min": 0.2772945871278011,
        "p95": 0.3236788121519977,
        "relative_range": 0.14765270568552252
      },
      "transitions_per_second": {
        "max": 2079.0963291902085,
        "median": 2071.294068974706,
        "min": 2008.4210349837924,
        "p95": 2079.0963291902085,
        "relative_range": 0.034121323121154144
      },
      "vram_mib_max": {
        "max": 2378.0,
        "median": 2206.0,
        "min": 2112.0,
        "p95": 2378.0,
        "relative_range": 0.12058023572076156
      },
      "wall_seconds": {
        "max": 17.619581540988293,
        "median": 17.61938354599988,
        "min": 17.616963161999593,
        "p95": 17.619581540988293,
        "relative_range": 0.00014860786598260055
      }
    }
  },
  "environment": {
    "cuda_available": true,
    "cudnn": 92000,
    "git_sha": "ce6c4237fd18207b9dd8c3c15b94e9cdaa8fdac5",
    "gpu": "NVIDIA GeForce RTX 5070, 595.71.05, 12227",
    "platform": "Linux-7.0.0-28-generic-x86_64-with-glibc2.39",
    "python": "3.12.3",
    "torch": "2.12.1+cu132",
    "torch_cuda": "13.2"
  },
  "protocol": {
    "checkpoint_disabled": true,
    "measure_frames": 19200,
    "repeats": 3,
    "warmup_frames": 6400
  },
  "raw_runs": [
    {
      "amp_fallbacks": 0.0,
      "configuration": "legacy_b0_gpu_actor",
      "cpu_utilization_median": 200.2045778724761,
      "decisions_per_second": 2002.88763009149,
      "frames_per_second": 2295.3383256957627,
      "games_per_second": 34.94242719027925,
      "gpu_utilization_median": 86.0,
      "gpu_utilization_p95": 91.0,
      "learner_updates_per_second": 0.7172932267799259,
      "legal_actions_max": 433,
      "legal_actions_p50": 3,
      "legal_actions_p95": 23,
      "policy_lag_max": 1.986562728881836,
      "repeat": 1,
      "rss_mib_max": 3436.34375,
      "single_legal_ratio": 0.2772945871278011,
      "transitions_per_second": 2008.4210349837924,
      "vram_mib_max": 2378.0,
      "wall_seconds": 17.61938354599988
    },
    {
      "amp_fallbacks": 0.0,
      "configuration": "legacy_b0_gpu_actor",
      "cpu_utilization_median": 201.05627000317807,
      "decisions_per_second": 2076.4594265287965,
      "frames_per_second": 2271.793062139545,
      "games_per_second": 34.78683126401178,
      "gpu_utilization_median": 85.0,
      "gpu_utilization_p95": 90.0,
      "learner_updates_per_second": 0.7099353319186078,
      "legal_actions_max": 359,
      "legal_actions_p50": 2,
      "legal_actions_p95": 24,
      "policy_lag_max": 1.9700002670288086,
      "repeat": 2,
      "rss_mib_max": 3420.9296875,
      "single_legal_ratio": 0.3236788121519977,
      "transitions_per_second": 2079.0963291902085,
      "vram_mib_max": 2112.0,
      "wall_seconds": 17.619581540988293
    },
    {
      "amp_fallbacks": 0.0,
      "configuration": "legacy_b0_gpu_actor",
      "cpu_utilization_median": 200.99081155979667,
      "decisions_per_second": 2068.857252422971,
      "frames_per_second": 2274.3621149526184,
      "games_per_second": 41.0197452875383,
      "gpu_utilization_median": 87.0,
      "gpu_utilization_p95": 89.0,
      "learner_updates_per_second": 0.7107381609226933,
      "legal_actions_max": 480,
      "legal_actions_p50": 2,
      "legal_actions_p95": 25,
      "policy_lag_max": 1.958437442779541,
      "repeat": 3,
      "rss_mib_max": 3419.01171875,
      "single_legal_ratio": 0.314144091087554,
      "transitions_per_second": 2071.294068974706,
      "vram_mib_max": 2206.0,
      "wall_seconds": 17.616963161999593
    }
  ],
  "schema_version": "legacy-training-benchmark-v1"
}
