{
  "aggregate": {
    "legacy_c0_centralized_gpu_actor": {
      "amp_fallbacks": {
        "max": 0.0,
        "median": 0.0,
        "min": 0.0,
        "p95": 0.0,
        "relative_range": null
      },
      "cpu_utilization_median": {
        "max": 178.91529341937786,
        "median": 177.9385156290419,
        "min": 168.98204572272502,
        "p95": 178.91529341937786,
        "relative_range": 0.055824044960345875
      },
      "decisions_per_second": {
        "max": 6232.828931120232,
        "median": 6221.334347824883,
        "min": 5810.174077638406,
        "p95": 6232.828931120232,
        "relative_range": 0.06793636699972495
      },
      "frames_per_second": {
        "max": 6197.5267754557535,
        "median": 6192.61469544554,
        "min": 5642.529243930077,
        "p95": 6197.5267754557535,
        "relative_range": 0.08962248724014077
      },
      "games_per_second": {
        "max": 132.02636785602016,
        "median": 131.16826401404845,
        "min": 116.72323675420097,
        "p95": 132.02636785602016,
        "relative_range": 0.11666793958773584
      },
      "gpu_utilization_median": {
        "max": 26.0,
        "median": 26.0,
        "min": 25.0,
        "p95": 26.0,
        "relative_range": 0.038461538461538464
      },
      "gpu_utilization_p95": {
        "max": 32.0,
        "median": 32.0,
        "min": 31.0,
        "p95": 32.0,
        "relative_range": 0.03125
      },
      "learner_updates_per_second": {
        "max": 1.936727117329923,
        "median": 1.9351920923267312,
        "min": 1.763290388728149,
        "p95": 1.936727117329923,
        "relative_range": 0.08962248724014085
      },
      "legal_actions_max": {
        "max": 709.0,
        "median": 483.0,
        "min": 412.0,
        "p95": 709.0,
        "relative_range": 0.6149068322981367
      },
      "legal_actions_p50": {
        "max": 2.0,
        "median": 2.0,
        "min": 2.0,
        "p95": 2.0,
        "relative_range": 0.0
      },
      "legal_actions_p95": {
        "max": 31.0,
        "median": 27.0,
        "min": 24.0,
        "p95": 31.0,
        "relative_range": 0.25925925925925924
      },
      "policy_lag_max": {
        "max": 15.440000534057617,
        "median": 15.010000228881836,
        "min": 14.604999542236328,
        "p95": 15.440000534057617,
        "relative_range": 0.05562964550890564
      },
      "repeat": {
        "max": 3.0,
        "median": 2.0,
        "min": 1.0,
        "p95": 3.0,
        "relative_range": 1.0
      },
      "repeats": 3,
      "rss_mib_max": {
        "max": 8267.99609375,
        "median": 8240.98046875,
        "min": 8219.3828125,
        "p95": 8267.99609375,
        "relative_range": 0.005898968142728011
      },
      "single_legal_ratio": {
        "max": 0.37727783514547775,
        "median": 0.37245933420167815,
        "min": 0.34658543432243577,
        "p95": 0.37727783514547775,
        "relative_range": 0.08240470302302251
      },
      "transitions_per_second": {
        "max": 6244.534483288452,
        "median": 6235.316572867069,
        "min": 5818.858282802892,
        "p95": 6244.534483288452,
        "relative_range": 0.06826857874993655
      },
      "vram_mib_max": {
        "max": 1873.0,
        "median": 1677.0,
        "min": 1659.0,
        "p95": 1873.0,
        "relative_range": 0.12760882528324388
      },
      "wall_seconds": {
        "max": 37.5886190720048,
        "median": 36.69098302999919,
        "min": 36.5903796240018,
        "p95": 37.5886190720048,
        "relative_range": 0.02720666947480876
      }
    }
  },
  "environment": {
    "cuda_available": true,
    "cudnn": 92000,
    "git_sha": "ce6c4237fd18207b9dd8c3c15b94e9cdaa8fdac5",
    "gpu": "NVIDIA GeForce RTX 5070, 595.71.05, 12227",
    "platform": "Linux-7.0.0-28-generic-x86_64-with-glibc2.39",
    "python": "3.12.3",
    "torch": "2.12.1+cu132",
    "torch_cuda": "13.2"
  },
  "protocol": {
    "checkpoint_disabled": true,
    "measure_frames": 128000,
    "repeats": 3,
    "warmup_frames": 64000
  },
  "raw_runs": [
    {
      "amp_fallbacks": 0.0,
      "configuration": "legacy_c0_centralized_gpu_actor",
      "cpu_utilization_median": 177.9385156290419,
      "decisions_per_second": 6232.828931120232,
      "frames_per_second": 6192.61469544554,
      "games_per_second": 131.16826401404845,
      "gpu_utilization_median": 26.0,
      "gpu_utilization_p95": 32.0,
      "learner_updates_per_second": 1.9351920923267312,
      "legal_actions_max": 412,
      "legal_actions_p50": 2,
      "legal_actions_p95": 27,
      "policy_lag_max": 15.440000534057617,
      "repeat": 1,
      "rss_mib_max": 8267.99609375,
      "single_legal_ratio": 0.37245933420167815,
      "transitions_per_second": 6244.534483288452,
      "vram_mib_max": 1659.0,
      "wall_seconds": 36.69098302999919
    },
    {
      "amp_fallbacks": 0.0,
      "configuration": "legacy_c0_centralized_gpu_actor",
      "cpu_utilization_median": 178.91529341937786,
      "decisions_per_second": 6221.334347824883,
      "frames_per_second": 6197.5267754557535,
      "games_per_second": 116.72323675420097,
      "gpu_utilization_median": 26.0,
      "gpu_utilization_p95": 32.0,
      "learner_updates_per_second": 1.936727117329923,
      "legal_actions_max": 709,
      "legal_actions_p50": 2,
      "legal_actions_p95": 24,
      "policy_lag_max": 15.010000228881836,
      "repeat": 2,
      "rss_mib_max": 8240.98046875,
      "single_legal_ratio": 0.37727783514547775,
      "transitions_per_second": 6235.316572867069,
      "vram_mib_max": 1873.0,
      "wall_seconds": 36.5903796240018
    },
    {
      "amp_fallbacks": 0.0,
      "configuration": "legacy_c0_centralized_gpu_actor",
      "cpu_utilization_median": 168.98204572272502,
      "decisions_per_second": 5810.174077638406,
      "frames_per_second": 5642.529243930077,
      "games_per_second": 132.02636785602016,
      "gpu_utilization_median": 25.0,
      "gpu_utilization_p95": 31.0,
      "learner_updates_per_second": 1.763290388728149,
      "legal_actions_max": 483,
      "legal_actions_p50": 2,
      "legal_actions_p95": 31,
      "policy_lag_max": 14.604999542236328,
      "repeat": 3,
      "rss_mib_max": 8219.3828125,
      "single_legal_ratio": 0.34658543432243577,
      "transitions_per_second": 5818.858282802892,
      "vram_mib_max": 1677.0,
      "wall_seconds": 37.5886190720048
    }
  ],
  "schema_version": "legacy-training-benchmark-v1"
}
