{
  "aggregate": {
    "legacy_b1_gpu_factorized": {
      "amp_fallbacks": {
        "max": 0.0,
        "median": 0.0,
        "min": 0.0,
        "p95": 0.0,
        "relative_range": null
      },
      "cpu_utilization_median": {
        "max": 401.0590504536033,
        "median": 401.05074235364054,
        "min": 401.0452592759069,
        "p95": 401.0590504536033,
        "relative_range": 3.4387612937519765e-05
      },
      "decisions_per_second": {
        "max": 3064.3464449914077,
        "median": 2975.200099464602,
        "min": 2920.0629980228005,
        "p95": 3064.3464449914077,
        "relative_range": 0.04849537582180491
      },
      "frames_per_second": {
        "max": 2989.0367304926667,
        "median": 2946.7878537708507,
        "min": 2905.015923357286,
        "p95": 2989.0367304926667,
        "relative_range": 0.028512675938942755
      },
      "games_per_second": {
        "max": 68.79454850024528,
        "median": 67.81396546087164,
        "min": 60.66519811764533,
        "p95": 68.79454850024528,
        "relative_range": 0.11987723070538547
      },
      "gpu_utilization_median": {
        "max": 98.0,
        "median": 98.0,
        "min": 98.0,
        "p95": 98.0,
        "relative_range": 0.0
      },
      "gpu_utilization_p95": {
        "max": 98.0,
        "median": 98.0,
        "min": 98.0,
        "p95": 98.0,
        "relative_range": 0.0
      },
      "learner_updates_per_second": {
        "max": 0.9340739782789583,
        "median": 0.9208712043033909,
        "min": 0.9078174760491518,
        "p95": 0.9340739782789583,
        "relative_range": 0.028512675938942807
      },
      "legal_actions_max": {
        "max": 668.0,
        "median": 650.0,
        "min": 455.0,
        "p95": 668.0,
        "relative_range": 0.32769230769230767
      },
      "legal_actions_p50": {
        "max": 2.0,
        "median": 2.0,
        "min": 2.0,
        "p95": 2.0,
        "relative_range": 0.0
      },
      "legal_actions_p95": {
        "max": 27.0,
        "median": 26.0,
        "min": 21.0,
        "p95": 27.0,
        "relative_range": 0.23076923076923078
      },
      "policy_lag_max": {
        "max": 0.0,
        "median": 0.0,
        "min": 0.0,
        "p95": 0.0,
        "relative_range": null
      },
      "repeat": {
        "max": 3.0,
        "median": 2.0,
        "min": 1.0,
        "p95": 3.0,
        "relative_range": 1.0
      },
      "repeats": 3,
      "rss_mib_max": {
        "max": 5328.68359375,
        "median": 5321.8203125,
        "min": 5306.12109375,
        "p95": 5328.68359375,
        "relative_range": 0.004239620782949913
      },
      "single_legal_ratio": {
        "max": 0.39609830443894073,
        "median": 0.35484090137017327,
        "min": 0.31891064253126383,
        "p95": 0.39609830443894073,
        "relative_range": 0.21752752179815377
      },
      "transitions_per_second": {
        "max": 3063.7626487549833,
        "median": 2971.4941543741124,
        "min": 2925.4418165683915,
        "p95": 3063.7626487549833,
        "relative_range": 0.0465492526656935
      },
      "vram_mib_max": {
        "max": 2703.0,
        "median": 2703.0,
        "min": 2663.0,
        "p95": 2703.0,
        "relative_range": 0.014798372179060304
      },
      "wall_seconds": {
        "max": 69.99271762800345,
        "median": 69.95452224799374,
        "min": 67.87731562899717,
        "p95": 69.99271762800345,
        "relative_range": 0.030239674734780272
      }
    }
  },
  "environment": {
    "cuda_available": true,
    "cudnn": 92000,
    "git_sha": "ce6c4237fd18207b9dd8c3c15b94e9cdaa8fdac5",
    "gpu": "NVIDIA GeForce RTX 5070, 595.71.05, 12227",
    "platform": "Linux-7.0.0-28-generic-x86_64-with-glibc2.39",
    "python": "3.12.3",
    "torch": "2.12.1+cu132",
    "torch_cuda": "13.2"
  },
  "protocol": {
    "checkpoint_disabled": true,
    "measure_frames": 128000,
    "repeats": 3,
    "warmup_frames": 64000
  },
  "raw_runs": [
    {
      "amp_fallbacks": 0.0,
      "configuration": "legacy_b1_gpu_factorized",
      "cpu_utilization_median": 401.0452592759069,
      "decisions_per_second": 2920.0629980228005,
      "frames_per_second": 2905.015923357286,
      "games_per_second": 67.81396546087164,
      "gpu_utilization_median": 98.0,
      "gpu_utilization_p95": 98.0,
      "learner_updates_per_second": 0.9078174760491518,
      "legal_actions_max": 455,
      "legal_actions_p50": 2,
      "legal_actions_p95": 27,
      "policy_lag_max": 0.0,
      "repeat": 1,
      "rss_mib_max": 5328.68359375,
      "single_legal_ratio": 0.31891064253126383,
      "transitions_per_second": 2925.4418165683915,
      "vram_mib_max": 2703.0,
      "wall_seconds": 69.99271762800345
    },
    {
      "amp_fallbacks": 0.0,
      "configuration": "legacy_b1_gpu_factorized",
      "cpu_utilization_median": 401.0590504536033,
      "decisions_per_second": 2975.200099464602,
      "frames_per_second": 2946.7878537708507,
      "games_per_second": 60.66519811764533,
      "gpu_utilization_median": 98.0,
      "gpu_utilization_p95": 98.0,
      "learner_updates_per_second": 0.9208712043033909,
      "legal_actions_max": 668,
      "legal_actions_p50": 2,
      "legal_actions_p95": 26,
      "policy_lag_max": 0.0,
      "repeat": 2,
      "rss_mib_max": 5321.8203125,
      "single_legal_ratio": 0.35484090137017327,
      "transitions_per_second": 2971.4941543741124,
      "vram_mib_max": 2703.0,
      "wall_seconds": 69.95452224799374
    },
    {
      "amp_fallbacks": 0.0,
      "configuration": "legacy_b1_gpu_factorized",
      "cpu_utilization_median": 401.05074235364054,
      "decisions_per_second": 3064.3464449914077,
      "frames_per_second": 2989.0367304926667,
      "games_per_second": 68.79454850024528,
      "gpu_utilization_median": 98.0,
      "gpu_utilization_p95": 98.0,
      "learner_updates_per_second": 0.9340739782789583,
      "legal_actions_max": 650,
      "legal_actions_p50": 2,
      "legal_actions_p95": 21,
      "policy_lag_max": 0.0,
      "repeat": 3,
      "rss_mib_max": 5306.12109375,
      "single_legal_ratio": 0.39609830443894073,
      "transitions_per_second": 3063.7626487549833,
      "vram_mib_max": 2663.0,
      "wall_seconds": 67.87731562899717
    }
  ],
  "schema_version": "legacy-training-benchmark-v1"
}
