{
  "aggregate": {
    "legacy_b1_gpu_factorized": {
      "amp_fallbacks": {
        "max": 0.0,
        "median": 0.0,
        "min": 0.0,
        "p95": 0.0,
        "relative_range": null
      },
      "cpu_utilization_median": {
        "max": 601.5736710699155,
        "median": 600.6769860941182,
        "min": 600.2017416043484,
        "p95": 601.5736710699155,
        "relative_range": 0.0022839720803821515
      },
      "decisions_per_second": {
        "max": 2850.16658843677,
        "median": 2842.845959004995,
        "min": 2799.2901615078995,
        "p95": 2850.16658843677,
        "relative_range": 0.017896300982370952
      },
      "frames_per_second": {
        "max": 3439.4855932002824,
        "median": 2981.5175841424543,
        "min": 2978.463347240325,
        "p95": 3439.4855932002824,
        "relative_range": 0.15462670702059828
      },
      "games_per_second": {
        "max": 47.75357229845035,
        "median": 45.18862588465907,
        "min": 44.67695020860488,
        "p95": 47.75357229845035,
        "relative_range": 0.0680839930317497
      },
      "gpu_utilization_median": {
        "max": 98.0,
        "median": 98.0,
        "min": 98.0,
        "p95": 98.0,
        "relative_range": 0.0
      },
      "gpu_utilization_p95": {
        "max": 99.0,
        "median": 98.0,
        "min": 98.0,
        "p95": 99.0,
        "relative_range": 0.01020408163265306
      },
      "learner_updates_per_second": {
        "max": 1.0748392478750883,
        "median": 0.9317242450445169,
        "min": 0.9307697960126016,
        "p95": 1.0748392478750883,
        "relative_range": 0.15462670702059841
      },
      "legal_actions_max": {
        "max": 373.0,
        "median": 367.0,
        "min": 284.0,
        "p95": 373.0,
        "relative_range": 0.24250681198910082
      },
      "legal_actions_p50": {
        "max": 2.0,
        "median": 2.0,
        "min": 2.0,
        "p95": 2.0,
        "relative_range": 0.0
      },
      "legal_actions_p95": {
        "max": 21.0,
        "median": 21.0,
        "min": 20.0,
        "p95": 21.0,
        "relative_range": 0.047619047619047616
      },
      "policy_lag_max": {
        "max": 0.0,
        "median": 0.0,
        "min": 0.0,
        "p95": 0.0,
        "relative_range": null
      },
      "repeat": {
        "max": 3.0,
        "median": 2.0,
        "min": 1.0,
        "p95": 3.0,
        "relative_range": 1.0
      },
      "repeats": 3,
      "rss_mib_max": {
        "max": 7211.52734375,
        "median": 7206.19921875,
        "min": 7200.2734375,
        "p95": 7211.52734375,
        "relative_range": 0.0015616979087558617
      },
      "single_legal_ratio": {
        "max": 0.34963904751643143,
        "median": 0.34833670180805154,
        "min": 0.3164311443613189,
        "p95": 0.34963904751643143,
        "relative_range": 0.09533277137535595
      },
      "transitions_per_second": {
        "max": 2825.2917372716606,
        "median": 2810.7014725509594,
        "min": 2792.3093880378046,
        "p95": 2825.2917372716606,
        "relative_range": 0.011734561480811263
      },
      "vram_mib_max": {
        "max": 3362.0,
        "median": 3362.0,
        "min": 3322.0,
        "p95": 3362.0,
        "relative_range": 0.01189767995240928
      },
      "wall_seconds": {
        "max": 13.36244259099476,
        "median": 13.311750013992423,
        "min": 13.311093152005924,
        "p95": 13.36244259099476,
        "relative_range": 0.003857452170816112
      }
    }
  },
  "environment": {
    "cuda_available": true,
    "cudnn": 92000,
    "git_sha": "ce6c4237fd18207b9dd8c3c15b94e9cdaa8fdac5",
    "gpu": "NVIDIA GeForce RTX 5070, 595.71.05, 12227",
    "platform": "Linux-7.0.0-28-generic-x86_64-with-glibc2.39",
    "python": "3.12.3",
    "torch": "2.12.1+cu132",
    "torch_cuda": "13.2"
  },
  "protocol": {
    "checkpoint_disabled": true,
    "measure_frames": 19200,
    "repeats": 3,
    "warmup_frames": 6400
  },
  "raw_runs": [
    {
      "amp_fallbacks": 0.0,
      "configuration": "legacy_b1_gpu_factorized",
      "cpu_utilization_median": 600.6769860941182,
      "decisions_per_second": 2842.845959004995,
      "frames_per_second": 2981.5175841424543,
      "games_per_second": 45.18862588465907,
      "gpu_utilization_median": 98.0,
      "gpu_utilization_p95": 98.0,
      "learner_updates_per_second": 0.9317242450445169,
      "legal_actions_max": 367,
      "legal_actions_p50": 2,
      "legal_actions_p95": 20,
      "policy_lag_max": 0.0,
      "repeat": 1,
      "rss_mib_max": 7211.52734375,
      "single_legal_ratio": 0.34833670180805154,
      "transitions_per_second": 2810.7014725509594,
      "vram_mib_max": 3362.0,
      "wall_seconds": 13.311093152005924
    },
    {
      "amp_fallbacks": 0.0,
      "configuration": "legacy_b1_gpu_factorized",
      "cpu_utilization_median": 601.5736710699155,
      "decisions_per_second": 2799.2901615078995,
      "frames_per_second": 2978.463347240325,
      "games_per_second": 44.67695020860488,
      "gpu_utilization_median": 98.0,
      "gpu_utilization_p95": 99.0,
      "learner_updates_per_second": 0.9307697960126016,
      "legal_actions_max": 284,
      "legal_actions_p50": 2,
      "legal_actions_p95": 21,
      "policy_lag_max": 0.0,
      "repeat": 2,
      "rss_mib_max": 7200.2734375,
      "single_legal_ratio": 0.3164311443613189,
      "transitions_per_second": 2792.3093880378046,
      "vram_mib_max": 3362.0,
      "wall_seconds": 13.36244259099476
    },
    {
      "amp_fallbacks": 0.0,
      "configuration": "legacy_b1_gpu_factorized",
      "cpu_utilization_median": 600.2017416043484,
      "decisions_per_second": 2850.16658843677,
      "frames_per_second": 3439.4855932002824,
      "games_per_second": 47.75357229845035,
      "gpu_utilization_median": 98.0,
      "gpu_utilization_p95": 98.0,
      "learner_updates_per_second": 1.0748392478750883,
      "legal_actions_max": 373,
      "legal_actions_p50": 2,
      "legal_actions_p95": 21,
      "policy_lag_max": 0.0,
      "repeat": 3,
      "rss_mib_max": 7206.19921875,
      "single_legal_ratio": 0.34963904751643143,
      "transitions_per_second": 2825.2917372716606,
      "vram_mib_max": 3322.0,
      "wall_seconds": 13.311750013992423
    }
  ],
  "schema_version": "legacy-training-benchmark-v1"
}
