{
  "aggregate": {
    "legacy_b1_gpu_factorized": {
      "amp_fallbacks": {
        "max": 0.0,
        "median": 0.0,
        "min": 0.0,
        "p95": 0.0,
        "relative_range": null
      },
      "cpu_utilization_median": {
        "max": 401.3987774703801,
        "median": 400.68274593860764,
        "min": 400.44851991761936,
        "p95": 401.3987774703801,
        "relative_range": 0.002371595888249991
      },
      "decisions_per_second": {
        "max": 2884.3639258935928,
        "median": 2859.6102461758737,
        "min": 2817.5910991862074,
        "p95": 2884.3639258935928,
        "relative_range": 0.023350324330625095
      },
      "frames_per_second": {
        "max": 3288.217183587113,
        "median": 3285.222562023775,
        "min": 3262.789210181622,
        "p95": 3288.217183587113,
        "relative_range": 0.007740106773717941
      },
      "games_per_second": {
        "max": 49.13167670883771,
        "median": 46.61127443116603,
        "min": 46.09375873421221,
        "p95": 49.13167670883771,
        "relative_range": 0.06517560422236032
      },
      "gpu_utilization_median": {
        "max": 98.0,
        "median": 98.0,
        "min": 98.0,
        "p95": 98.0,
        "relative_range": 0.0
      },
      "gpu_utilization_p95": {
        "max": 98.0,
        "median": 98.0,
        "min": 98.0,
        "p95": 98.0,
        "relative_range": 0.0
      },
      "learner_updates_per_second": {
        "max": 1.0275678698709727,
        "median": 1.0266320506324298,
        "min": 1.019621628181757,
        "p95": 1.0275678698709727,
        "relative_range": 0.007740106773717698
      },
      "legal_actions_max": {
        "max": 545.0,
        "median": 385.0,
        "min": 362.0,
        "p95": 545.0,
        "relative_range": 0.4753246753246753
      },
      "legal_actions_p50": {
        "max": 3.0,
        "median": 2.0,
        "min": 2.0,
        "p95": 3.0,
        "relative_range": 0.5
      },
      "legal_actions_p95": {
        "max": 23.0,
        "median": 22.0,
        "min": 21.0,
        "p95": 23.0,
        "relative_range": 0.09090909090909091
      },
      "policy_lag_max": {
        "max": 0.0,
        "median": 0.0,
        "min": 0.0,
        "p95": 0.0,
        "relative_range": null
      },
      "repeat": {
        "max": 3.0,
        "median": 2.0,
        "min": 1.0,
        "p95": 3.0,
        "relative_range": 1.0
      },
      "repeats": 3,
      "rss_mib_max": {
        "max": 5336.1953125,
        "median": 5321.58984375,
        "min": 5318.14453125,
        "p95": 5336.1953125,
        "relative_range": 0.0033919903224409412
      },
      "single_legal_ratio": {
        "max": 0.35647914352085647,
        "median": 0.3208021335521592,
        "min": 0.29269563405230803,
        "p95": 0.35647914352085647,
        "relative_range": 0.19882507875583652
      },
      "transitions_per_second": {
        "max": 2913.2046519478768,
        "median": 2889.235913922695,
        "min": 2877.1900356387237,
        "p95": 2913.2046519478768,
        "relative_range": 0.012465100594799236
      },
      "vram_mib_max": {
        "max": 2703.0,
        "median": 2703.0,
        "min": 2663.0,
        "p95": 2703.0,
        "relative_range": 0.014798372179060304
      },
      "wall_seconds": {
        "max": 13.255737156010582,
        "median": 13.212976712005911,
        "min": 13.162463500004378,
        "p95": 13.255737156010582,
        "relative_range": 0.007059246227343403
      }
    }
  },
  "environment": {
    "cuda_available": true,
    "cudnn": 92000,
    "git_sha": "ce6c4237fd18207b9dd8c3c15b94e9cdaa8fdac5",
    "gpu": "NVIDIA GeForce RTX 5070, 595.71.05, 12227",
    "platform": "Linux-7.0.0-28-generic-x86_64-with-glibc2.39",
    "python": "3.12.3",
    "torch": "2.12.1+cu132",
    "torch_cuda": "13.2"
  },
  "protocol": {
    "checkpoint_disabled": true,
    "measure_frames": 19200,
    "repeats": 3,
    "warmup_frames": 6400
  },
  "raw_runs": [
    {
      "amp_fallbacks": 0.0,
      "configuration": "legacy_b1_gpu_factorized",
      "cpu_utilization_median": 400.68274593860764,
      "decisions_per_second": 2859.6102461758737,
      "frames_per_second": 3285.222562023775,
      "games_per_second": 49.13167670883771,
      "gpu_utilization_median": 98.0,
      "gpu_utilization_p95": 98.0,
      "learner_updates_per_second": 1.0266320506324298,
      "legal_actions_max": 362,
      "legal_actions_p50": 2,
      "legal_actions_p95": 22,
      "policy_lag_max": 0.0,
      "repeat": 1,
      "rss_mib_max": 5336.1953125,
      "single_legal_ratio": 0.3208021335521592,
      "transitions_per_second": 2889.235913922695,
      "vram_mib_max": 2703.0,
      "wall_seconds": 13.255737156010582
    },
    {
      "amp_fallbacks": 0.0,
      "configuration": "legacy_b1_gpu_factorized",
      "cpu_utilization_median": 401.3987774703801,
      "decisions_per_second": 2817.5910991862074,
      "frames_per_second": 3288.217183587113,
      "games_per_second": 46.09375873421221,
      "gpu_utilization_median": 98.0,
      "gpu_utilization_p95": 98.0,
      "learner_updates_per_second": 1.0275678698709727,
      "legal_actions_max": 385,
      "legal_actions_p50": 3,
      "legal_actions_p95": 21,
      "policy_lag_max": 0.0,
      "repeat": 2,
      "rss_mib_max": 5318.14453125,
      "single_legal_ratio": 0.29269563405230803,
      "transitions_per_second": 2877.1900356387237,
      "vram_mib_max": 2663.0,
      "wall_seconds": 13.212976712005911
    },
    {
      "amp_fallbacks": 0.0,
      "configuration": "legacy_b1_gpu_factorized",
      "cpu_utilization_median": 400.44851991761936,
      "decisions_per_second": 2884.3639258935928,
      "frames_per_second": 3262.789210181622,
      "games_per_second": 46.61127443116603,
      "gpu_utilization_median": 98.0,
      "gpu_utilization_p95": 98.0,
      "learner_updates_per_second": 1.019621628181757,
      "legal_actions_max": 545,
      "legal_actions_p50": 2,
      "legal_actions_p95": 23,
      "policy_lag_max": 0.0,
      "repeat": 3,
      "rss_mib_max": 5321.58984375,
      "single_legal_ratio": 0.35647914352085647,
      "transitions_per_second": 2913.2046519478768,
      "vram_mib_max": 2703.0,
      "wall_seconds": 13.162463500004378
    }
  ],
  "schema_version": "legacy-training-benchmark-v1"
}
