{
  "aggregate": {
    "legacy_b0_gpu_actor": {
      "amp_fallbacks": {
        "max": 0.0,
        "median": 0.0,
        "min": 0.0,
        "p95": 0.0,
        "relative_range": null
      },
      "cpu_utilization_median": {
        "max": 100.55595048466188,
        "median": 100.46900007620431,
        "min": 100.11117217066145,
        "p95": 100.55595048466188,
        "relative_range": 0.004427020410903587
      },
      "decisions_per_second": {
        "max": 2343.66310053315,
        "median": 2251.999415443302,
        "min": 2243.6604414072854,
        "p95": 2343.66310053315,
        "relative_range": 0.04440616566775591
      },
      "frames_per_second": {
        "max": 2504.509587258842,
        "median": 2499.37010880097,
        "min": 2489.2391394946685,
        "p95": 2504.509587258842,
        "relative_range": 0.006109718488831345
      },
      "games_per_second": {
        "max": 47.3095056308755,
        "median": 37.00520685052342,
        "min": 36.56136763543042,
        "p95": 47.3095056308755,
        "relative_range": 0.2904493424090413
      },
      "gpu_utilization_median": {
        "max": 15.0,
        "median": 15.0,
        "min": 15.0,
        "p95": 15.0,
        "relative_range": 0.0
      },
      "gpu_utilization_p95": {
        "max": 16.0,
        "median": 16.0,
        "min": 15.0,
        "p95": 16.0,
        "relative_range": 0.0625
      },
      "learner_updates_per_second": {
        "max": 0.7826592460183882,
        "median": 0.781053159000303,
        "min": 0.7778872310920839,
        "p95": 0.7826592460183882,
        "relative_range": 0.006109718488831374
      },
      "legal_actions_max": {
        "max": 418.0,
        "median": 363.0,
        "min": 245.0,
        "p95": 418.0,
        "relative_range": 0.4765840220385675
      },
      "legal_actions_p50": {
        "max": 3.0,
        "median": 3.0,
        "min": 2.0,
        "p95": 3.0,
        "relative_range": 0.3333333333333333
      },
      "legal_actions_p95": {
        "max": 29.0,
        "median": 23.0,
        "min": 22.0,
        "p95": 29.0,
        "relative_range": 0.30434782608695654
      },
      "policy_lag_max": {
        "max": 1.9081249237060547,
        "median": 1.874375343322754,
        "min": 1.825312614440918,
        "p95": 1.9081249237060547,
        "relative_range": 0.044181283946220284
      },
      "repeat": {
        "max": 3.0,
        "median": 2.0,
        "min": 1.0,
        "p95": 3.0,
        "relative_range": 1.0
      },
      "repeats": 3,
      "rss_mib_max": {
        "max": 2488.62890625,
        "median": 2472.54296875,
        "min": 2471.06640625,
        "p95": 2488.62890625,
        "relative_range": 0.007103011038420402
      },
      "single_legal_ratio": {
        "max": 0.33632053105737314,
        "median": 0.283060000990933,
        "min": 0.26401554791448645,
        "p95": 0.33632053105737314,
        "relative_range": 0.25544048219374793
      },
      "transitions_per_second": {
        "max": 2333.6616932762518,
        "median": 2258.5309670816346,
        "min": 2253.8962588294457,
        "p95": 2333.6616932762518,
        "relative_range": 0.03531739684307941
      },
      "vram_mib_max": {
        "max": 1775.0,
        "median": 1725.0,
        "min": 1721.0,
        "p95": 1775.0,
        "relative_range": 0.03130434782608696
      },
      "wall_seconds": {
        "max": 15.907340922000003,
        "median": 15.81309756799601,
        "min": 15.763469786004862,
        "p95": 15.907340922000003,
        "relative_range": 0.00909822603550621
      }
    }
  },
  "environment": {
    "cuda_available": true,
    "cudnn": 92000,
    "git_sha": "ce6c4237fd18207b9dd8c3c15b94e9cdaa8fdac5",
    "gpu": "NVIDIA GeForce RTX 5070, 595.71.05, 12227",
    "platform": "Linux-7.0.0-28-generic-x86_64-with-glibc2.39",
    "python": "3.12.3",
    "torch": "2.12.1+cu132",
    "torch_cuda": "13.2"
  },
  "protocol": {
    "checkpoint_disabled": true,
    "measure_frames": 19200,
    "repeats": 3,
    "warmup_frames": 6400
  },
  "raw_runs": [
    {
      "amp_fallbacks": 0.0,
      "configuration": "legacy_b0_gpu_actor",
      "cpu_utilization_median": 100.46900007620431,
      "decisions_per_second": 2251.999415443302,
      "frames_per_second": 2499.37010880097,
      "games_per_second": 47.3095056308755,
      "gpu_utilization_median": 15.0,
      "gpu_utilization_p95": 16.0,
      "learner_updates_per_second": 0.781053159000303,
      "legal_actions_max": 418,
      "legal_actions_p50": 3,
      "legal_actions_p95": 29,
      "policy_lag_max": 1.825312614440918,
      "repeat": 1,
      "rss_mib_max": 2488.62890625,
      "single_legal_ratio": 0.283060000990933,
      "transitions_per_second": 2253.8962588294457,
      "vram_mib_max": 1775.0,
      "wall_seconds": 15.907340922000003
    },
    {
      "amp_fallbacks": 0.0,
      "configuration": "legacy_b0_gpu_actor",
      "cpu_utilization_median": 100.55595048466188,
      "decisions_per_second": 2243.6604414072854,
      "frames_per_second": 2504.509587258842,
      "games_per_second": 36.56136763543042,
      "gpu_utilization_median": 15.0,
      "gpu_utilization_p95": 16.0,
      "learner_updates_per_second": 0.7826592460183882,
      "legal_actions_max": 245,
      "legal_actions_p50": 3,
      "legal_actions_p95": 22,
      "policy_lag_max": 1.874375343322754,
      "repeat": 2,
      "rss_mib_max": 2471.06640625,
      "single_legal_ratio": 0.26401554791448645,
      "transitions_per_second": 2258.5309670816346,
      "vram_mib_max": 1725.0,
      "wall_seconds": 15.81309756799601
    },
    {
      "amp_fallbacks": 0.0,
      "configuration": "legacy_b0_gpu_actor",
      "cpu_utilization_median": 100.11117217066145,
      "decisions_per_second": 2343.66310053315,
      "frames_per_second": 2489.2391394946685,
      "games_per_second": 37.00520685052342,
      "gpu_utilization_median": 15.0,
      "gpu_utilization_p95": 15.0,
      "learner_updates_per_second": 0.7778872310920839,
      "legal_actions_max": 363,
      "legal_actions_p50": 2,
      "legal_actions_p95": 23,
      "policy_lag_max": 1.9081249237060547,
      "repeat": 3,
      "rss_mib_max": 2472.54296875,
      "single_legal_ratio": 0.33632053105737314,
      "transitions_per_second": 2333.6616932762518,
      "vram_mib_max": 1721.0,
      "wall_seconds": 15.763469786004862
    }
  ],
  "schema_version": "legacy-training-benchmark-v1"
}
