{
  "aggregate": {
    "legacy_b0_gpu_actor": {
      "amp_fallbacks": {
        "max": 0.0,
        "median": 0.0,
        "min": 0.0,
        "p95": 0.0,
        "relative_range": null
      },
      "cpu_utilization_median": {
        "max": 601.7383776774409,
        "median": 601.4361038353483,
        "min": 599.9853774168439,
        "p95": 601.7383776774409,
        "relative_range": 0.0029146907700055534
      },
      "decisions_per_second": {
        "max": 2003.057663059962,
        "median": 1987.181899521541,
        "min": 1986.2660407322307,
        "p95": 2003.057663059962,
        "relative_range": 0.008449967429642002
      },
      "frames_per_second": {
        "max": 2221.4324018488537,
        "median": 2220.6472711041415,
        "min": 1918.0359091715952,
        "p95": 2221.4324018488537,
        "relative_range": 0.1366252518466856
      },
      "games_per_second": {
        "max": 38.87506703235494,
        "median": 35.88724607766515,
        "min": 34.464707742927104,
        "p95": 38.87506703235494,
        "relative_range": 0.12289489363110193
      },
      "gpu_utilization_median": {
        "max": 98.0,
        "median": 98.0,
        "min": 98.0,
        "p95": 98.0,
        "relative_range": 0.0
      },
      "gpu_utilization_p95": {
        "max": 98.0,
        "median": 98.0,
        "min": 98.0,
        "p95": 98.0,
        "relative_range": 0.0
      },
      "learner_updates_per_second": {
        "max": 0.6941976255777668,
        "median": 0.6939522722200443,
        "min": 0.5993862216161235,
        "p95": 0.6941976255777668,
        "relative_range": 0.13662525184668553
      },
      "legal_actions_max": {
        "max": 604.0,
        "median": 461.0,
        "min": 388.0,
        "p95": 604.0,
        "relative_range": 0.4685466377440347
      },
      "legal_actions_p50": {
        "max": 3.0,
        "median": 2.0,
        "min": 2.0,
        "p95": 3.0,
        "relative_range": 0.5
      },
      "legal_actions_p95": {
        "max": 30.0,
        "median": 26.0,
        "min": 24.0,
        "p95": 30.0,
        "relative_range": 0.23076923076923078
      },
      "policy_lag_max": {
        "max": 3.136875033378601,
        "median": 1.4665627479553223,
        "min": 1.452812671661377,
        "p95": 3.136875033378601,
        "relative_range": 1.1483056992038965
      },
      "repeat": {
        "max": 3.0,
        "median": 2.0,
        "min": 1.0,
        "p95": 3.0,
        "relative_range": 1.0
      },
      "repeats": 3,
      "rss_mib_max": {
        "max": 7221.53515625,
        "median": 7209.1328125,
        "min": 7206.640625,
        "p95": 7221.53515625,
        "relative_range": 0.002066064204584246
      },
      "single_legal_ratio": {
        "max": 0.3538469155361917,
        "median": 0.3382888500873036,
        "min": 0.27400291706482927,
        "p95": 0.3538469155361917,
        "relative_range": 0.23602314545914463
      },
      "transitions_per_second": {
        "max": 2013.1731141755236,
        "median": 2012.4615894381284,
        "min": 1997.954072053745,
        "p95": 2013.1731141755236,
        "relative_range": 0.007562401290862727
      },
      "vram_mib_max": {
        "max": 3680.0,
        "median": 3638.0,
        "min": 3582.0,
        "p95": 3680.0,
        "relative_range": 0.026937877954920284
      },
      "wall_seconds": {
        "max": 20.93713066499913,
        "median": 20.935563053993974,
        "min": 20.928827515002922,
        "p95": 20.93713066499913,
        "relative_range": 0.00039660504829961703
      }
    }
  },
  "environment": {
    "cuda_available": true,
    "cudnn": 92000,
    "git_sha": "ce6c4237fd18207b9dd8c3c15b94e9cdaa8fdac5",
    "gpu": "NVIDIA GeForce RTX 5070, 595.71.05, 12227",
    "platform": "Linux-7.0.0-28-generic-x86_64-with-glibc2.39",
    "python": "3.12.3",
    "torch": "2.12.1+cu132",
    "torch_cuda": "13.2"
  },
  "protocol": {
    "checkpoint_disabled": true,
    "measure_frames": 19200,
    "repeats": 3,
    "warmup_frames": 6400
  },
  "raw_runs": [
    {
      "amp_fallbacks": 0.0,
      "configuration": "legacy_b0_gpu_actor",
      "cpu_utilization_median": 599.9853774168439,
      "decisions_per_second": 2003.057663059962,
      "frames_per_second": 2221.4324018488537,
      "games_per_second": 38.87506703235494,
      "gpu_utilization_median": 98.0,
      "gpu_utilization_p95": 98.0,
      "learner_updates_per_second": 0.6941976255777668,
      "legal_actions_max": 604,
      "legal_actions_p50": 2,
      "legal_actions_p95": 30,
      "policy_lag_max": 1.4665627479553223,
      "repeat": 1,
      "rss_mib_max": 7221.53515625,
      "single_legal_ratio": 0.3538469155361917,
      "transitions_per_second": 2013.1731141755236,
      "vram_mib_max": 3680.0,
      "wall_seconds": 20.928827515002922
    },
    {
      "amp_fallbacks": 0.0,
      "configuration": "legacy_b0_gpu_actor",
      "cpu_utilization_median": 601.4361038353483,
      "decisions_per_second": 1986.2660407322307,
      "frames_per_second": 1918.0359091715952,
      "games_per_second": 34.464707742927104,
      "gpu_utilization_median": 98.0,
      "gpu_utilization_p95": 98.0,
      "learner_updates_per_second": 0.5993862216161235,
      "legal_actions_max": 388,
      "legal_actions_p50": 3,
      "legal_actions_p95": 24,
      "policy_lag_max": 3.136875033378601,
      "repeat": 2,
      "rss_mib_max": 7209.1328125,
      "single_legal_ratio": 0.27400291706482927,
      "transitions_per_second": 1997.954072053745,
      "vram_mib_max": 3638.0,
      "wall_seconds": 20.93713066499913
    },
    {
      "amp_fallbacks": 0.0,
      "configuration": "legacy_b0_gpu_actor",
      "cpu_utilization_median": 601.7383776774409,
      "decisions_per_second": 1987.181899521541,
      "frames_per_second": 2220.6472711041415,
      "games_per_second": 35.88724607766515,
      "gpu_utilization_median": 98.0,
      "gpu_utilization_p95": 98.0,
      "learner_updates_per_second": 0.6939522722200443,
      "legal_actions_max": 461,
      "legal_actions_p50": 2,
      "legal_actions_p95": 26,
      "policy_lag_max": 1.452812671661377,
      "repeat": 3,
      "rss_mib_max": 7206.640625,
      "single_legal_ratio": 0.3382888500873036,
      "transitions_per_second": 2012.4615894381284,
      "vram_mib_max": 3582.0,
      "wall_seconds": 20.935563053993974
    }
  ],
  "schema_version": "legacy-training-benchmark-v1"
}
