{
  "aggregate": {
    "legacy_b0_gpu_actor": {
      "amp_fallbacks": {
        "max": 0.0,
        "median": 0.0,
        "min": 0.0,
        "p95": 0.0,
        "relative_range": null
      },
      "cpu_utilization_median": {
        "max": 400.87059959421435,
        "median": 400.82524213730505,
        "min": 400.04209933037095,
        "p95": 400.87059959421435,
        "relative_range": 0.0020669862492332797
      },
      "decisions_per_second": {
        "max": 1960.3284023964081,
        "median": 1928.230355864187,
        "min": 1917.785664463315,
        "p95": 1960.3284023964081,
        "relative_range": 0.02206309936139683
      },
      "frames_per_second": {
        "max": 2139.612620565601,
        "median": 2127.28205666503,
        "min": 2115.7603863267464,
        "p95": 2139.612620565601,
        "relative_range": 0.011212539570915255
      },
      "games_per_second": {
        "max": 35.612980859347594,
        "median": 33.71993115708252,
        "min": 31.99867088792305,
        "p95": 35.612980859347594,
        "relative_range": 0.10718616104485715
      },
      "gpu_utilization_median": {
        "max": 98.0,
        "median": 98.0,
        "min": 98.0,
        "p95": 98.0,
        "relative_range": 0.0
      },
      "gpu_utilization_p95": {
        "max": 99.0,
        "median": 99.0,
        "min": 99.0,
        "p95": 99.0,
        "relative_range": 0.0
      },
      "learner_updates_per_second": {
        "max": 0.6686289439267503,
        "median": 0.6647756427078217,
        "min": 0.6611751207271083,
        "p95": 0.6686289439267503,
        "relative_range": 0.011212539570915224
      },
      "legal_actions_max": {
        "max": 394.0,
        "median": 361.0,
        "min": 262.0,
        "p95": 394.0,
        "relative_range": 0.3656509695290859
      },
      "legal_actions_p50": {
        "max": 3.0,
        "median": 3.0,
        "min": 2.0,
        "p95": 3.0,
        "relative_range": 0.3333333333333333
      },
      "legal_actions_p95": {
        "max": 27.0,
        "median": 24.0,
        "min": 24.0,
        "p95": 27.0,
        "relative_range": 0.125
      },
      "policy_lag_max": {
        "max": 2.4862499237060547,
        "median": 2.3843750953674316,
        "min": 1.637812614440918,
        "p95": 2.4862499237060547,
        "relative_range": 0.35583214692753395
      },
      "repeat": {
        "max": 3.0,
        "median": 2.0,
        "min": 1.0,
        "p95": 3.0,
        "relative_range": 1.0
      },
      "repeats": 3,
      "rss_mib_max": {
        "max": 5326.66796875,
        "median": 5314.43359375,
        "min": 5311.89453125,
        "p95": 5326.66796875,
        "relative_range": 0.0027798705618175736
      },
      "single_legal_ratio": {
        "max": 0.312518166844298,
        "median": 0.2819641449960599,
        "min": 0.28176549264378065,
        "p95": 0.312518166844298,
        "relative_range": 0.10906590340040254
      },
      "transitions_per_second": {
        "max": 1946.842953644335,
        "median": 1917.407850108614,
        "min": 1910.3684112192866,
        "p95": 1946.842953644335,
        "relative_range": 0.01902283983190236
      },
      "vram_mib_max": {
        "max": 2895.0,
        "median": 2853.0,
        "min": 2849.0,
        "p95": 2895.0,
        "relative_range": 0.016123378899404135
      },
      "wall_seconds": {
        "max": 20.282244342990452,
        "median": 20.282126588994288,
        "min": 20.236782774009043,
        "p95": 20.282244342990452,
        "relative_range": 0.00224145968037089
      }
    }
  },
  "environment": {
    "cuda_available": true,
    "cudnn": 92000,
    "git_sha": "ce6c4237fd18207b9dd8c3c15b94e9cdaa8fdac5",
    "gpu": "NVIDIA GeForce RTX 5070, 595.71.05, 12227",
    "platform": "Linux-7.0.0-28-generic-x86_64-with-glibc2.39",
    "python": "3.12.3",
    "torch": "2.12.1+cu132",
    "torch_cuda": "13.2"
  },
  "protocol": {
    "checkpoint_disabled": true,
    "measure_frames": 19200,
    "repeats": 3,
    "warmup_frames": 6400
  },
  "raw_runs": [
    {
      "amp_fallbacks": 0.0,
      "configuration": "legacy_b0_gpu_actor",
      "cpu_utilization_median": 400.82524213730505,
      "decisions_per_second": 1928.230355864187,
      "frames_per_second": 2139.612620565601,
      "games_per_second": 31.99867088792305,
      "gpu_utilization_median": 98.0,
      "gpu_utilization_p95": 99.0,
      "learner_updates_per_second": 0.6686289439267503,
      "legal_actions_max": 394,
      "legal_actions_p50": 3,
      "legal_actions_p95": 24,
      "policy_lag_max": 2.3843750953674316,
      "repeat": 1,
      "rss_mib_max": 5326.66796875,
      "single_legal_ratio": 0.28176549264378065,
      "transitions_per_second": 1910.3684112192866,
      "vram_mib_max": 2853.0,
      "wall_seconds": 20.282126588994288
    },
    {
      "amp_fallbacks": 0.0,
      "configuration": "legacy_b0_gpu_actor",
      "cpu_utilization_median": 400.87059959421435,
      "decisions_per_second": 1960.3284023964081,
      "frames_per_second": 2127.28205666503,
      "games_per_second": 35.612980859347594,
      "gpu_utilization_median": 98.0,
      "gpu_utilization_p95": 99.0,
      "learner_updates_per_second": 0.6647756427078217,
      "legal_actions_max": 262,
      "legal_actions_p50": 2,
      "legal_actions_p95": 27,
      "policy_lag_max": 2.4862499237060547,
      "repeat": 2,
      "rss_mib_max": 5311.89453125,
      "single_legal_ratio": 0.312518166844298,
      "transitions_per_second": 1946.842953644335,
      "vram_mib_max": 2849.0,
      "wall_seconds": 20.236782774009043
    },
    {
      "amp_fallbacks": 0.0,
      "configuration": "legacy_b0_gpu_actor",
      "cpu_utilization_median": 400.04209933037095,
      "decisions_per_second": 1917.785664463315,
      "frames_per_second": 2115.7603863267464,
      "games_per_second": 33.71993115708252,
      "gpu_utilization_median": 98.0,
      "gpu_utilization_p95": 99.0,
      "learner_updates_per_second": 0.6611751207271083,
      "legal_actions_max": 361,
      "legal_actions_p50": 3,
      "legal_actions_p95": 24,
      "policy_lag_max": 1.637812614440918,
      "repeat": 3,
      "rss_mib_max": 5314.43359375,
      "single_legal_ratio": 0.2819641449960599,
      "transitions_per_second": 1917.407850108614,
      "vram_mib_max": 2895.0,
      "wall_seconds": 20.282244342990452
    }
  ],
  "schema_version": "legacy-training-benchmark-v1"
}
