{
  "aggregate": {
    "legacy_a1_cpu_factorized": {
      "amp_fallbacks": {
        "max": 0.0,
        "median": 0.0,
        "min": 0.0,
        "p95": 0.0,
        "relative_range": null
      },
      "cpu_utilization_median": {
        "max": 1207.771240521086,
        "median": 1206.1671787320229,
        "min": 1206.0897545423168,
        "p95": 1207.771240521086,
        "relative_range": 0.0013940737307549804
      },
      "decisions_per_second": {
        "max": 15745.653131175035,
        "median": 15409.61701743733,
        "min": 15276.42302377898,
        "p95": 15745.653131175035,
        "relative_range": 0.030450471732365595
      },
      "frames_per_second": {
        "max": 15340.91660481214,
        "median": 14851.045334649722,
        "min": 14505.392347226974,
        "p95": 15340.91660481214,
        "relative_range": 0.05626029944409115
      },
      "games_per_second": {
        "max": 320.3614850364285,
        "median": 303.3193410983146,
        "min": 302.73530903252725,
        "p95": 320.3614850364285,
        "relative_range": 0.05811095309674996
      },
      "gpu_utilization_median": {
        "max": 3.0,
        "median": 0.0,
        "min": 0.0,
        "p95": 3.0,
        "relative_range": null
      },
      "gpu_utilization_p95": {
        "max": 6.0,
        "median": 6.0,
        "min": 6.0,
        "p95": 6.0,
        "relative_range": 0.0
      },
      "learner_updates_per_second": {
        "max": 4.7940364390037935,
        "median": 4.640951667078038,
        "min": 4.532935108508429,
        "p95": 4.7940364390037935,
        "relative_range": 0.056260299444091146
      },
      "legal_actions_max": {
        "max": 614.0,
        "median": 608.0,
        "min": 463.0,
        "p95": 614.0,
        "relative_range": 0.24835526315789475
      },
      "legal_actions_p50": {
        "max": 2.0,
        "median": 2.0,
        "min": 2.0,
        "p95": 2.0,
        "relative_range": 0.0
      },
      "legal_actions_p95": {
        "max": 23.0,
        "median": 22.0,
        "min": 21.0,
        "p95": 23.0,
        "relative_range": 0.09090909090909091
      },
      "policy_lag_max": {
        "max": 0.0,
        "median": 0.0,
        "min": 0.0,
        "p95": 0.0,
        "relative_range": null
      },
      "repeat": {
        "max": 3.0,
        "median": 2.0,
        "min": 1.0,
        "p95": 3.0,
        "relative_range": 1.0
      },
      "repeats": 3,
      "rss_mib_max": {
        "max": 8778.71484375,
        "median": 8777.72265625,
        "min": 8767.76953125,
        "p95": 8778.71484375,
        "relative_range": 0.0012469421658255072
      },
      "single_legal_ratio": {
        "max": 0.3624074229126864,
        "median": 0.33534832024667455,
        "min": 0.3303495732775674,
        "p95": 0.3624074229126864,
        "relative_range": 0.09559567679223192
      },
      "transitions_per_second": {
        "max": 15808.33515761501,
        "median": 15436.689235495285,
        "min": 15314.845045174909,
        "p95": 15808.33515761501,
        "relative_range": 0.031968649812899375
      },
      "vram_mib_max": {
        "max": 1300.0,
        "median": 1298.0,
        "min": 1298.0,
        "p95": 1300.0,
        "relative_range": 0.0015408320493066256
      },
      "wall_seconds": {
        "max": 16.420995556996786,
        "median": 16.369390042003943,
        "min": 15.317411716998322,
        "p95": 16.420995556996786,
        "relative_range": 0.06741752974097764
      }
    }
  },
  "environment": {
    "cuda_available": true,
    "cudnn": 92000,
    "git_sha": "ce6c4237fd18207b9dd8c3c15b94e9cdaa8fdac5",
    "gpu": "NVIDIA GeForce RTX 5070, 595.71.05, 12227",
    "platform": "Linux-7.0.0-28-generic-x86_64-with-glibc2.39",
    "python": "3.12.3",
    "torch": "2.12.1+cu132",
    "torch_cuda": "13.2"
  },
  "protocol": {
    "checkpoint_disabled": true,
    "measure_frames": 128000,
    "repeats": 3,
    "warmup_frames": 64000
  },
  "raw_runs": [
    {
      "amp_fallbacks": 0.0,
      "configuration": "legacy_a1_cpu_factorized",
      "cpu_utilization_median": 1206.0897545423168,
      "decisions_per_second": 15409.61701743733,
      "frames_per_second": 14851.045334649722,
      "games_per_second": 303.3193410983146,
      "gpu_utilization_median": 0.0,
      "gpu_utilization_p95": 6.0,
      "learner_updates_per_second": 4.640951667078038,
      "legal_actions_max": 614,
      "legal_actions_p50": 2,
      "legal_actions_p95": 21,
      "policy_lag_max": 0.0,
      "repeat": 1,
      "rss_mib_max": 8767.76953125,
      "single_legal_ratio": 0.33534832024667455,
      "transitions_per_second": 15436.689235495285,
      "vram_mib_max": 1298.0,
      "wall_seconds": 16.420995556996786
    },
    {
      "amp_fallbacks": 0.0,
      "configuration": "legacy_a1_cpu_factorized",
      "cpu_utilization_median": 1206.1671787320229,
      "decisions_per_second": 15276.42302377898,
      "frames_per_second": 14505.392347226974,
      "games_per_second": 302.73530903252725,
      "gpu_utilization_median": 0.0,
      "gpu_utilization_p95": 6.0,
      "learner_updates_per_second": 4.532935108508429,
      "legal_actions_max": 608,
      "legal_actions_p50": 2,
      "legal_actions_p95": 23,
      "policy_lag_max": 0.0,
      "repeat": 2,
      "rss_mib_max": 8777.72265625,
      "single_legal_ratio": 0.3303495732775674,
      "transitions_per_second": 15314.845045174909,
      "vram_mib_max": 1300.0,
      "wall_seconds": 16.369390042003943
    },
    {
      "amp_fallbacks": 0.0,
      "configuration": "legacy_a1_cpu_factorized",
      "cpu_utilization_median": 1207.771240521086,
      "decisions_per_second": 15745.653131175035,
      "frames_per_second": 15340.91660481214,
      "games_per_second": 320.3614850364285,
      "gpu_utilization_median": 3.0,
      "gpu_utilization_p95": 6.0,
      "learner_updates_per_second": 4.7940364390037935,
      "legal_actions_max": 463,
      "legal_actions_p50": 2,
      "legal_actions_p95": 22,
      "policy_lag_max": 0.0,
      "repeat": 3,
      "rss_mib_max": 8778.71484375,
      "single_legal_ratio": 0.3624074229126864,
      "transitions_per_second": 15808.33515761501,
      "vram_mib_max": 1298.0,
      "wall_seconds": 15.317411716998322
    }
  ],
  "schema_version": "legacy-training-benchmark-v1"
}
