{
  "aggregate": {
    "legacy_a1_cpu_factorized": {
      "amp_fallbacks": {
        "max": 0.0,
        "median": 0.0,
        "min": 0.0,
        "p95": 0.0,
        "relative_range": null
      },
      "cpu_utilization_median": {
        "max": 1207.3173453753286,
        "median": 1207.2007707719076,
        "min": 1205.3168822580546,
        "p95": 1207.3173453753286,
        "relative_range": 0.0016571088800704057
      },
      "decisions_per_second": {
        "max": 15535.70505248688,
        "median": 15140.823202319492,
        "min": 15066.642840958852,
        "p95": 15535.70505248688,
        "relative_range": 0.03097996755263411
      },
      "frames_per_second": {
        "max": 16524.46171062498,
        "median": 15274.5895107582,
        "min": 14556.26384006652,
        "p95": 16524.46171062498,
        "relative_range": 0.1288543871619082
      },
      "games_per_second": {
        "max": 301.9587182902486,
        "median": 296.1724722100883,
        "min": 270.76925158748736,
        "p95": 301.9587182902486,
        "relative_range": 0.10530845918940493
      },
      "gpu_utilization_median": {
        "max": 0.0,
        "median": 0.0,
        "min": 0.0,
        "p95": 0.0,
        "relative_range": null
      },
      "gpu_utilization_p95": {
        "max": 11.0,
        "median": 11.0,
        "min": 11.0,
        "p95": 11.0,
        "relative_range": 0.0
      },
      "learner_updates_per_second": {
        "max": 2.581947142285153,
        "median": 2.386654611055969,
        "min": 2.274416225010394,
        "p95": 2.581947142285153,
        "relative_range": 0.12885438716190814
      },
      "legal_actions_max": {
        "max": 551.0,
        "median": 434.0,
        "min": 430.0,
        "p95": 551.0,
        "relative_range": 0.27880184331797236
      },
      "legal_actions_p50": {
        "max": 2.0,
        "median": 2.0,
        "min": 2.0,
        "p95": 2.0,
        "relative_range": 0.0
      },
      "legal_actions_p95": {
        "max": 26.0,
        "median": 23.0,
        "min": 21.0,
        "p95": 26.0,
        "relative_range": 0.21739130434782608
      },
      "policy_lag_max": {
        "max": 0.0,
        "median": 0.0,
        "min": 0.0,
        "p95": 0.0,
        "relative_range": null
      },
      "repeat": {
        "max": 3.0,
        "median": 2.0,
        "min": 1.0,
        "p95": 3.0,
        "relative_range": 1.0
      },
      "repeats": 3,
      "rss_mib_max": {
        "max": 8860.7421875,
        "median": 8830.26171875,
        "min": 8823.13671875,
        "p95": 8860.7421875,
        "relative_range": 0.004258703756214757
      },
      "single_legal_ratio": {
        "max": 0.36984901238979234,
        "median": 0.32788629913652556,
        "min": 0.31924667662490713,
        "p95": 0.36984901238979234,
        "relative_range": 0.15432891187629455
      },
      "transitions_per_second": {
        "max": 15530.412060845196,
        "median": 15172.304313141516,
        "min": 15056.635409568806,
        "p95": 15530.412060845196,
        "relative_range": 0.03122641370078688
      },
      "vram_mib_max": {
        "max": 2004.0,
        "median": 1932.0,
        "min": 1898.0,
        "p95": 2004.0,
        "relative_range": 0.054865424430641824
      },
      "wall_seconds": {
        "max": 16.57300901898998,
        "median": 16.471227115005604,
        "min": 15.464012462995015,
        "p95": 16.57300901898998,
        "relative_range": 0.0673293221113226
      }
    }
  },
  "environment": {
    "cuda_available": true,
    "cudnn": 92000,
    "git_sha": "ce6c4237fd18207b9dd8c3c15b94e9cdaa8fdac5",
    "gpu": "NVIDIA GeForce RTX 5070, 595.71.05, 12227",
    "platform": "Linux-7.0.0-28-generic-x86_64-with-glibc2.39",
    "python": "3.12.3",
    "torch": "2.12.1+cu132",
    "torch_cuda": "13.2"
  },
  "protocol": {
    "checkpoint_disabled": true,
    "measure_frames": 128000,
    "repeats": 3,
    "warmup_frames": 64000
  },
  "raw_runs": [
    {
      "amp_fallbacks": 0.0,
      "configuration": "legacy_a1_cpu_factorized",
      "cpu_utilization_median": 1205.3168822580546,
      "decisions_per_second": 15066.642840958852,
      "frames_per_second": 14556.26384006652,
      "games_per_second": 270.76925158748736,
      "gpu_utilization_median": 0.0,
      "gpu_utilization_p95": 11.0,
      "learner_updates_per_second": 2.274416225010394,
      "legal_actions_max": 551,
      "legal_actions_p50": 2,
      "legal_actions_p95": 23,
      "policy_lag_max": 0.0,
      "repeat": 1,
      "rss_mib_max": 8860.7421875,
      "single_legal_ratio": 0.32788629913652556,
      "transitions_per_second": 15056.635409568806,
      "vram_mib_max": 1932.0,
      "wall_seconds": 16.57300901898998
    },
    {
      "amp_fallbacks": 0.0,
      "configuration": "legacy_a1_cpu_factorized",
      "cpu_utilization_median": 1207.3173453753286,
      "decisions_per_second": 15140.823202319492,
      "frames_per_second": 15274.5895107582,
      "games_per_second": 296.1724722100883,
      "gpu_utilization_median": 0.0,
      "gpu_utilization_p95": 11.0,
      "learner_updates_per_second": 2.386654611055969,
      "legal_actions_max": 430,
      "legal_actions_p50": 2,
      "legal_actions_p95": 21,
      "policy_lag_max": 0.0,
      "repeat": 2,
      "rss_mib_max": 8830.26171875,
      "single_legal_ratio": 0.31924667662490713,
      "transitions_per_second": 15172.304313141516,
      "vram_mib_max": 2004.0,
      "wall_seconds": 16.471227115005604
    },
    {
      "amp_fallbacks": 0.0,
      "configuration": "legacy_a1_cpu_factorized",
      "cpu_utilization_median": 1207.2007707719076,
      "decisions_per_second": 15535.70505248688,
      "frames_per_second": 16524.46171062498,
      "games_per_second": 301.9587182902486,
      "gpu_utilization_median": 0.0,
      "gpu_utilization_p95": 11.0,
      "learner_updates_per_second": 2.581947142285153,
      "legal_actions_max": 434,
      "legal_actions_p50": 2,
      "legal_actions_p95": 26,
      "policy_lag_max": 0.0,
      "repeat": 3,
      "rss_mib_max": 8823.13671875,
      "single_legal_ratio": 0.36984901238979234,
      "transitions_per_second": 15530.412060845196,
      "vram_mib_max": 1898.0,
      "wall_seconds": 15.464012462995015
    }
  ],
  "schema_version": "legacy-training-benchmark-v1"
}
