{
  "aggregate": {
    "legacy_a1_cpu_factorized": {
      "amp_fallbacks": {
        "max": 0.0,
        "median": 0.0,
        "min": 0.0,
        "p95": 0.0,
        "relative_range": null
      },
      "cpu_utilization_median": {
        "max": 1207.9382647671396,
        "median": 1207.773162248326,
        "min": 1207.1068974879954,
        "p95": 1207.9382647671396,
        "relative_range": 0.0006883472038710743
      },
      "decisions_per_second": {
        "max": 16043.840030045172,
        "median": 15965.862886301671,
        "min": 15273.535015493513,
        "p95": 16043.840030045172,
        "relative_range": 0.04824700174599159
      },
      "frames_per_second": {
        "max": 16148.767370390084,
        "median": 15875.40584606859,
        "min": 15182.204566150265,
        "p95": 16148.767370390084,
        "relative_range": 0.060884289423012106
      },
      "games_per_second": {
        "max": 329.2452691093951,
        "median": 319.818314937512,
        "min": 312.14385709839365,
        "p95": 329.2452691093951,
        "relative_range": 0.05347227226290287
      },
      "gpu_utilization_median": {
        "max": 6.0,
        "median": 3.5,
        "min": 3.0,
        "p95": 6.0,
        "relative_range": 0.8571428571428571
      },
      "gpu_utilization_p95": {
        "max": 11.0,
        "median": 6.0,
        "min": 6.0,
        "p95": 11.0,
        "relative_range": 0.8333333333333334
      },
      "learner_updates_per_second": {
        "max": 5.046489803246901,
        "median": 4.961064326896435,
        "min": 4.7444389269219585,
        "p95": 5.046489803246901,
        "relative_range": 0.060884289423012
      },
      "legal_actions_max": {
        "max": 611.0,
        "median": 568.0,
        "min": 410.0,
        "p95": 611.0,
        "relative_range": 0.3538732394366197
      },
      "legal_actions_p50": {
        "max": 2.0,
        "median": 2.0,
        "min": 2.0,
        "p95": 2.0,
        "relative_range": 0.0
      },
      "legal_actions_p95": {
        "max": 28.0,
        "median": 23.0,
        "min": 21.0,
        "p95": 28.0,
        "relative_range": 0.30434782608695654
      },
      "policy_lag_max": {
        "max": 0.0,
        "median": 0.0,
        "min": 0.0,
        "p95": 0.0,
        "relative_range": null
      },
      "repeat": {
        "max": 3.0,
        "median": 2.0,
        "min": 1.0,
        "p95": 3.0,
        "relative_range": 1.0
      },
      "repeats": 3,
      "rss_mib_max": {
        "max": 8801.68359375,
        "median": 8797.3203125,
        "min": 8796.5234375,
        "p95": 8801.68359375,
        "relative_range": 0.0005865600053993715
      },
      "single_legal_ratio": {
        "max": 0.38313774586702065,
        "median": 0.3732827605347148,
        "min": 0.3501733181782883,
        "p95": 0.38313774586702065,
        "relative_range": 0.08830953682809232
      },
      "transitions_per_second": {
        "max": 16056.90819949163,
        "median": 16050.299276668193,
        "min": 15311.598355066319,
        "p95": 16056.90819949163,
        "relative_range": 0.04643588456376916
      },
      "vram_mib_max": {
        "max": 1518.0,
        "median": 1518.0,
        "min": 1498.0,
        "p95": 1518.0,
        "relative_range": 0.013175230566534914
      },
      "wall_seconds": {
        "max": 16.371062391001033,
        "median": 15.376967663003597,
        "min": 15.363675461994717,
        "p95": 16.371062391001033,
        "relative_range": 0.06551271688175886
      }
    }
  },
  "environment": {
    "cuda_available": true,
    "cudnn": 92000,
    "git_sha": "ce6c4237fd18207b9dd8c3c15b94e9cdaa8fdac5",
    "gpu": "NVIDIA GeForce RTX 5070, 595.71.05, 12227",
    "platform": "Linux-7.0.0-28-generic-x86_64-with-glibc2.39",
    "python": "3.12.3",
    "torch": "2.12.1+cu132",
    "torch_cuda": "13.2"
  },
  "protocol": {
    "checkpoint_disabled": true,
    "measure_frames": 128000,
    "repeats": 3,
    "warmup_frames": 64000
  },
  "raw_runs": [
    {
      "amp_fallbacks": 0.0,
      "configuration": "legacy_a1_cpu_factorized",
      "cpu_utilization_median": 1207.773162248326,
      "decisions_per_second": 16043.840030045172,
      "frames_per_second": 15875.40584606859,
      "games_per_second": 329.2452691093951,
      "gpu_utilization_median": 3.5,
      "gpu_utilization_p95": 6.0,
      "learner_updates_per_second": 4.961064326896435,
      "legal_actions_max": 568,
      "legal_actions_p50": 2,
      "legal_actions_p95": 23,
      "policy_lag_max": 0.0,
      "repeat": 1,
      "rss_mib_max": 8801.68359375,
      "single_legal_ratio": 0.38313774586702065,
      "transitions_per_second": 16056.90819949163,
      "vram_mib_max": 1518.0,
      "wall_seconds": 15.376967663003597
    },
    {
      "amp_fallbacks": 0.0,
      "configuration": "legacy_a1_cpu_factorized",
      "cpu_utilization_median": 1207.1068974879954,
      "decisions_per_second": 15273.535015493513,
      "frames_per_second": 15182.204566150265,
      "games_per_second": 319.818314937512,
      "gpu_utilization_median": 6.0,
      "gpu_utilization_p95": 6.0,
      "learner_updates_per_second": 4.7444389269219585,
      "legal_actions_max": 611,
      "legal_actions_p50": 2,
      "legal_actions_p95": 28,
      "policy_lag_max": 0.0,
      "repeat": 2,
      "rss_mib_max": 8796.5234375,
      "single_legal_ratio": 0.3501733181782883,
      "transitions_per_second": 15311.598355066319,
      "vram_mib_max": 1498.0,
      "wall_seconds": 16.371062391001033
    },
    {
      "amp_fallbacks": 0.0,
      "configuration": "legacy_a1_cpu_factorized",
      "cpu_utilization_median": 1207.9382647671396,
      "decisions_per_second": 15965.862886301671,
      "frames_per_second": 16148.767370390084,
      "games_per_second": 312.14385709839365,
      "gpu_utilization_median": 3.0,
      "gpu_utilization_p95": 11.0,
      "learner_updates_per_second": 5.046489803246901,
      "legal_actions_max": 410,
      "legal_actions_p50": 2,
      "legal_actions_p95": 21,
      "policy_lag_max": 0.0,
      "repeat": 3,
      "rss_mib_max": 8797.3203125,
      "single_legal_ratio": 0.3732827605347148,
      "transitions_per_second": 16050.299276668193,
      "vram_mib_max": 1518.0,
      "wall_seconds": 15.363675461994717
    }
  ],
  "schema_version": "legacy-training-benchmark-v1"
}
