{
  "aggregate": {
    "legacy_a0_cpu_actor_thread1": {
      "amp_fallbacks": {
        "max": 0.0,
        "median": 0.0,
        "min": 0.0,
        "p95": 0.0,
        "relative_range": null
      },
      "cpu_utilization_median": {
        "max": 1206.3731667458337,
        "median": 1205.956556970793,
        "min": 1205.893000138135,
        "p95": 1206.3731667458337,
        "relative_range": 0.0003981624420243104
      },
      "decisions_per_second": {
        "max": 10976.339700232797,
        "median": 10721.557211350131,
        "min": 10412.600826252965,
        "p95": 10976.339700232797,
        "relative_range": 0.052579943646902556
      },
      "frames_per_second": {
        "max": 10325.079643338726,
        "median": 10277.15073241335,
        "min": 10112.801278556093,
        "p95": 10325.079643338726,
        "relative_range": 0.02065537134851228
      },
      "games_per_second": {
        "max": 212.921870669599,
        "median": 200.32414904196335,
        "min": 189.56200907692192,
        "p95": 212.921870669599,
        "relative_range": 0.11661031235821558
      },
      "gpu_utilization_median": {
        "max": 7.0,
        "median": 0.0,
        "min": 0.0,
        "p95": 7.0,
        "relative_range": null
      },
      "gpu_utilization_p95": {
        "max": 11.0,
        "median": 8.0,
        "min": 3.0,
        "p95": 11.0,
        "relative_range": 1.0
      },
      "learner_updates_per_second": {
        "max": 3.2265873885433516,
        "median": 3.211609603879172,
        "min": 3.160250399548779,
        "p95": 3.2265873885433516,
        "relative_range": 0.020655371348512253
      },
      "legal_actions_max": {
        "max": 411.0,
        "median": 387.0,
        "min": 374.0,
        "p95": 411.0,
        "relative_range": 0.09560723514211886
      },
      "legal_actions_p50": {
        "max": 3.0,
        "median": 2.0,
        "min": 2.0,
        "p95": 3.0,
        "relative_range": 0.5
      },
      "legal_actions_p95": {
        "max": 29.0,
        "median": 25.0,
        "min": 23.0,
        "p95": 29.0,
        "relative_range": 0.24
      },
      "policy_lag_max": {
        "max": 3.799999952316284,
        "median": 3.778437614440918,
        "min": 2.544062614440918,
        "p95": 3.799999952316284,
        "relative_range": 0.3323959440471542
      },
      "repeat": {
        "max": 3.0,
        "median": 2.0,
        "min": 1.0,
        "p95": 3.0,
        "relative_range": 1.0
      },
      "repeats": 3,
      "rss_mib_max": {
        "max": 8905.1875,
        "median": 8887.19140625,
        "min": 8876.484375,
        "p95": 8905.1875,
        "relative_range": 0.0032297183314645684
      },
      "single_legal_ratio": {
        "max": 0.3615489815014756,
        "median": 0.30220541431085485,
        "min": 0.26257892086609597,
        "p95": 0.3615489815014756,
        "relative_range": 0.3274926786506112
      },
      "transitions_per_second": {
        "max": 11258.392048392525,
        "median": 10919.472653189185,
        "min": 10688.070724549852,
        "p95": 11258.392048392525,
        "relative_range": 0.052229749728445185
      },
      "vram_mib_max": {
        "max": 1298.0,
        "median": 1298.0,
        "min": 1258.0,
        "p95": 1298.0,
        "relative_range": 0.030816640986132512
      },
      "wall_seconds": {
        "max": 13.412596794005367,
        "median": 13.357362611001008,
        "min": 13.354395554997609,
        "p95": 13.412596794005367,
        "relative_range": 0.004357240325258816
      }
    }
  },
  "environment": {
    "cuda_available": true,
    "cudnn": 92000,
    "git_sha": "ce6c4237fd18207b9dd8c3c15b94e9cdaa8fdac5",
    "gpu": "NVIDIA GeForce RTX 5070, 595.71.05, 12227",
    "platform": "Linux-7.0.0-28-generic-x86_64-with-glibc2.39",
    "python": "3.12.3",
    "torch": "2.12.1+cu132",
    "torch_cuda": "13.2"
  },
  "protocol": {
    "checkpoint_disabled": true,
    "measure_frames": 19200,
    "repeats": 3,
    "warmup_frames": 6400
  },
  "raw_runs": [
    {
      "amp_fallbacks": 0.0,
      "configuration": "legacy_a0_cpu_actor_thread1",
      "cpu_utilization_median": 1205.956556970793,
      "decisions_per_second": 10412.600826252965,
      "frames_per_second": 10325.079643338726,
      "games_per_second": 189.56200907692192,
      "gpu_utilization_median": 7.0,
      "gpu_utilization_p95": 11.0,
      "learner_updates_per_second": 3.2265873885433516,
      "legal_actions_max": 374,
      "legal_actions_p50": 3,
      "legal_actions_p95": 23,
      "policy_lag_max": 3.799999952316284,
      "repeat": 1,
      "rss_mib_max": 8887.19140625,
      "single_legal_ratio": 0.26257892086609597,
      "transitions_per_second": 10688.070724549852,
      "vram_mib_max": 1258.0,
      "wall_seconds": 13.357362611001008
    },
    {
      "amp_fallbacks": 0.0,
      "configuration": "legacy_a0_cpu_actor_thread1",
      "cpu_utilization_median": 1205.893000138135,
      "decisions_per_second": 10976.339700232797,
      "frames_per_second": 10112.801278556093,
      "games_per_second": 212.921870669599,
      "gpu_utilization_median": 0.0,
      "gpu_utilization_p95": 3.0,
      "learner_updates_per_second": 3.160250399548779,
      "legal_actions_max": 387,
      "legal_actions_p50": 2,
      "legal_actions_p95": 29,
      "policy_lag_max": 2.544062614440918,
      "repeat": 2,
      "rss_mib_max": 8905.1875,
      "single_legal_ratio": 0.3615489815014756,
      "transitions_per_second": 11258.392048392525,
      "vram_mib_max": 1298.0,
      "wall_seconds": 13.354395554997609
    },
    {
      "amp_fallbacks": 0.0,
      "configuration": "legacy_a0_cpu_actor_thread1",
      "cpu_utilization_median": 1206.3731667458337,
      "decisions_per_second": 10721.557211350131,
      "frames_per_second": 10277.15073241335,
      "games_per_second": 200.32414904196335,
      "gpu_utilization_median": 0.0,
      "gpu_utilization_p95": 8.0,
      "learner_updates_per_second": 3.211609603879172,
      "legal_actions_max": 411,
      "legal_actions_p50": 2,
      "legal_actions_p95": 25,
      "policy_lag_max": 3.778437614440918,
      "repeat": 3,
      "rss_mib_max": 8876.484375,
      "single_legal_ratio": 0.30220541431085485,
      "transitions_per_second": 10919.472653189185,
      "vram_mib_max": 1298.0,
      "wall_seconds": 13.412596794005367
    }
  ],
  "schema_version": "legacy-training-benchmark-v1"
}
