{
  "aggregate": {
    "legacy_b1_gpu_factorized": {
      "amp_fallbacks": {
        "max": 0.0,
        "median": 0.0,
        "min": 0.0,
        "p95": 0.0,
        "relative_range": null
      },
      "cpu_utilization_median": {
        "max": 401.0654303889189,
        "median": 401.0644953813326,
        "min": 401.05142780252675,
        "p95": 401.0654303889189,
        "relative_range": 3.4913552691451215e-05
      },
      "decisions_per_second": {
        "max": 3138.596909574708,
        "median": 3138.4781936805102,
        "min": 3121.8725317466647,
        "p95": 3138.596909574708,
        "relative_range": 0.005328817597560165
      },
      "frames_per_second": {
        "max": 3142.837923116541,
        "median": 3140.416053020055,
        "min": 3076.822410928121,
        "p95": 3142.837923116541,
        "relative_range": 0.021021263130066664
      },
      "games_per_second": {
        "max": 63.21523472580766,
        "median": 62.01834895540186,
        "min": 61.37228848627205,
        "p95": 63.21523472580766,
        "relative_range": 0.02971614482773314
      },
      "gpu_utilization_median": {
        "max": 98.0,
        "median": 98.0,
        "min": 98.0,
        "p95": 98.0,
        "relative_range": 0.0
      },
      "gpu_utilization_p95": {
        "max": 98.0,
        "median": 98.0,
        "min": 98.0,
        "p95": 98.0,
        "relative_range": 0.0
      },
      "learner_updates_per_second": {
        "max": 0.982136850973919,
        "median": 0.9813800165687672,
        "min": 0.9615070034150378,
        "p95": 0.982136850973919,
        "relative_range": 0.021021263130066623
      },
      "legal_actions_max": {
        "max": 635.0,
        "median": 455.0,
        "min": 435.0,
        "p95": 635.0,
        "relative_range": 0.43956043956043955
      },
      "legal_actions_p50": {
        "max": 2.0,
        "median": 2.0,
        "min": 2.0,
        "p95": 2.0,
        "relative_range": 0.0
      },
      "legal_actions_p95": {
        "max": 21.0,
        "median": 21.0,
        "min": 21.0,
        "p95": 21.0,
        "relative_range": 0.0
      },
      "policy_lag_max": {
        "max": 12.924999237060547,
        "median": 12.510002136230469,
        "min": 12.375,
        "p95": 12.924999237060547,
        "relative_range": 0.04396475964362013
      },
      "repeat": {
        "max": 3.0,
        "median": 2.0,
        "min": 1.0,
        "p95": 3.0,
        "relative_range": 1.0
      },
      "repeats": 3,
      "rss_mib_max": {
        "max": 5337.8125,
        "median": 5324.35546875,
        "min": 5313.7578125,
        "p95": 5337.8125,
        "relative_range": 0.004517859042504411
      },
      "single_legal_ratio": {
        "max": 0.44272542704055934,
        "median": 0.43440560080534457,
        "min": 0.4327266171377919,
        "p95": 0.44272542704055934,
        "relative_range": 0.02301722142677401
      },
      "transitions_per_second": {
        "max": 3138.022443223546,
        "median": 3135.6515559142927,
        "min": 3121.3800525497936,
        "p95": 3138.022443223546,
        "relative_range": 0.005307474499952755
      },
      "vram_mib_max": {
        "max": 2683.0,
        "median": 2683.0,
        "min": 2663.0,
        "p95": 2683.0,
        "relative_range": 0.007454342154304882
      },
      "wall_seconds": {
        "max": 67.98966989999462,
        "median": 66.8882454179984,
        "min": 66.88106227500248,
        "p95": 67.98966989999462,
        "relative_range": 0.016574027589813863
      }
    },
    "legacy_c0_centralized_gpu_actor": {
      "amp_fallbacks": {
        "max": 0.0,
        "median": 0.0,
        "min": 0.0,
        "p95": 0.0,
        "relative_range": null
      },
      "cpu_utilization_median": {
        "max": 293.40295101589527,
        "median": 292.01332236647903,
        "min": 288.0721295499364,
        "p95": 293.40295101589527,
        "relative_range": 0.01825540500261373
      },
      "decisions_per_second": {
        "max": 6703.478584613965,
        "median": 6578.092206079566,
        "min": 6480.852566093888,
        "p95": 6703.478584613965,
        "relative_range": 0.03384355395844453
      },
      "frames_per_second": {
        "max": 6734.0693263709545,
        "median": 6627.005820468739,
        "min": 6390.880945286032,
        "p95": 6734.0693263709545,
        "relative_range": 0.05178634067664783
      },
      "games_per_second": {
        "max": 130.7292269380093,
        "median": 127.11622771702687,
        "min": 127.0187587875599,
        "p95": 130.7292269380093,
        "relative_range": 0.02918957097050791
      },
      "gpu_utilization_median": {
        "max": 26.0,
        "median": 26.0,
        "min": 25.5,
        "p95": 26.0,
        "relative_range": 0.019230769230769232
      },
      "gpu_utilization_p95": {
        "max": 33.0,
        "median": 32.0,
        "min": 32.0,
        "p95": 33.0,
        "relative_range": 0.03125
      },
      "learner_updates_per_second": {
        "max": 2.104396664490923,
        "median": 2.0709393188964813,
        "min": 1.9971502954018852,
        "p95": 2.104396664490923,
        "relative_range": 0.05178634067664771
      },
      "legal_actions_max": {
        "max": 663.0,
        "median": 663.0,
        "min": 533.0,
        "p95": 663.0,
        "relative_range": 0.19607843137254902
      },
      "legal_actions_p50": {
        "max": 2.0,
        "median": 2.0,
        "min": 2.0,
        "p95": 2.0,
        "relative_range": 0.0
      },
      "legal_actions_p95": {
        "max": 23.0,
        "median": 22.0,
        "min": 22.0,
        "p95": 23.0,
        "relative_range": 0.045454545454545456
      },
      "policy_lag_max": {
        "max": 15.204999923706055,
        "median": 14.979999542236328,
        "min": 14.940000534057617,
        "p95": 15.204999923706055,
        "relative_range": 0.01769021346771526
      },
      "repeat": {
        "max": 3.0,
        "median": 2.0,
        "min": 1.0,
        "p95": 3.0,
        "relative_range": 1.0
      },
      "repeats": 3,
      "rss_mib_max": {
        "max": 9865.8046875,
        "median": 9862.77734375,
        "min": 9846.46484375,
        "p95": 9865.8046875,
        "relative_range": 0.001960892259446126
      },
      "single_legal_ratio": {
        "max": 0.41695507028881196,
        "median": 0.4151175341808587,
        "min": 0.4141384570345603,
        "p95": 0.41695507028881196,
        "relative_range": 0.006785098248884131
      },
      "transitions_per_second": {
        "max": 6713.538627205189,
        "median": 6557.974509838857,
        "min": 6500.724211533136,
        "p95": 6713.538627205189,
        "relative_range": 0.03245124166810494
      },
      "vram_mib_max": {
        "max": 1677.0,
        "median": 1657.0,
        "min": 1657.0,
        "p95": 1677.0,
        "relative_range": 0.012070006035003017
      },
      "wall_seconds": {
        "max": 35.64305024399073,
        "median": 35.57753416999185,
        "min": 34.53110644899425,
        "p95": 35.64305024399073,
        "relative_range": 0.03125409955854544
      }
    }
  },
  "environment": {
    "cuda_available": true,
    "cudnn": 92000,
    "git_sha": "ce6c4237fd18207b9dd8c3c15b94e9cdaa8fdac5",
    "gpu": "NVIDIA GeForce RTX 5070, 595.71.05, 12227",
    "platform": "Linux-7.0.0-28-generic-x86_64-with-glibc2.39",
    "python": "3.12.3",
    "torch": "2.12.1+cu132",
    "torch_cuda": "13.2"
  },
  "protocol": {
    "checkpoint_disabled": true,
    "measure_frames": 128000,
    "repeats": 3,
    "seed": 20260719,
    "warmup_frames": 64000
  },
  "raw_runs": [
    {
      "amp_fallbacks": 0.0,
      "configuration": "legacy_b1_gpu_factorized",
      "cpu_utilization_median": 401.0644953813326,
      "decisions_per_second": 3121.8725317466647,
      "frames_per_second": 3076.822410928121,
      "games_per_second": 61.37228848627205,
      "gpu_utilization_median": 98.0,