{
  "aggregate": {
    "legacy_a1_cpu_factorized": {
      "amp_fallbacks": {
        "max": 0.0,
        "median": 0.0,
        "min": 0.0,
        "p95": 0.0,
        "relative_range": null
      },
      "cpu_utilization_median": {
        "max": 1208.1715360856201,
        "median": 1207.9606066713434,
        "min": 1207.8249784334544,
        "p95": 1208.1715360856201,
        "relative_range": 0.0002868948293940902
      },
      "decisions_per_second": {
        "max": 16563.6593573115,
        "median": 15839.142672647185,
        "min": 15764.082880982076,
        "p95": 16563.6593573115,
        "relative_range": 0.05048104514584754
      },
      "frames_per_second": {
        "max": 16476.98355838458,
        "median": 15718.973991901172,
        "min": 15658.222792438684,
        "p95": 16476.98355838458,
        "relative_range": 0.052087417815421304
      },
      "games_per_second": {
        "max": 337.5110827516509,
        "median": 334.02819732789993,
        "min": 328.8040915445494,
        "p95": 337.5110827516509,
        "relative_range": 0.026066635322269698
      },
      "gpu_utilization_median": {
        "max": 3.5,
        "median": 3.0,
        "min": 0.0,
        "p95": 3.5,
        "relative_range": 1.1666666666666667
      },
      "gpu_utilization_p95": {
        "max": 12.0,
        "median": 8.0,
        "min": 6.0,
        "p95": 12.0,
        "relative_range": 0.75
      },
      "learner_updates_per_second": {
        "max": 5.149057361995181,
        "median": 4.912179372469116,
        "min": 4.893194622637089,
        "p95": 5.149057361995181,
        "relative_range": 0.05208741781542124
      },
      "legal_actions_max": {
        "max": 681.0,
        "median": 435.0,
        "min": 404.0,
        "p95": 681.0,
        "relative_range": 0.6367816091954023
      },
      "legal_actions_p50": {
        "max": 2.0,
        "median": 2.0,
        "min": 2.0,
        "p95": 2.0,
        "relative_range": 0.0
      },
      "legal_actions_p95": {
        "max": 28.0,
        "median": 22.0,
        "min": 21.0,
        "p95": 28.0,
        "relative_range": 0.3181818181818182
      },
      "policy_lag_max": {
        "max": 0.0,
        "median": 0.0,
        "min": 0.0,
        "p95": 0.0,
        "relative_range": null
      },
      "repeat": {
        "max": 3.0,
        "median": 2.0,
        "min": 1.0,
        "p95": 3.0,
        "relative_range": 1.0
      },
      "repeats": 3,
      "rss_mib_max": {
        "max": 8780.09765625,
        "median": 8779.2890625,
        "min": 8777.46875,
        "p95": 8780.09765625,
        "relative_range": 0.00029944409294246313
      },
      "single_legal_ratio": {
        "max": 0.4089351402962097,
        "median": 0.38936458546261177,
        "min": 0.37676149557876903,
        "p95": 0.4089351402962097,
        "relative_range": 0.0826311532139332
      },
      "transitions_per_second": {
        "max": 16611.83982262731,
        "median": 15886.706946083044,
        "min": 15801.43824480855,
        "p95": 16611.83982262731,
        "relative_range": 0.051011300237936825
      },
      "vram_mib_max": {
        "max": 1300.0,
        "median": 1280.0,
        "min": 1280.0,
        "p95": 1300.0,
        "relative_range": 0.015625
      },
      "wall_seconds": {
        "max": 15.419327041003271,
        "median": 15.417933684002492,
        "min": 15.41515244000766,
        "p95": 15.419327041003271,
        "relative_range": 0.00027076267683930484
      }
    },
    "legacy_a2_cpu_factorized_amp": {
      "amp_fallbacks": {
        "max": 3.0,
        "median": 3.0,
        "min": 2.0,
        "p95": 3.0,
        "relative_range": 0.3333333333333333
      },
      "cpu_utilization_median": {
        "max": 1207.4523368759671,
        "median": 1206.5482711987966,
        "min": 1206.2398302013971,
        "p95": 1207.4523368759671,
        "relative_range": 0.0010049383878900308
      },
      "decisions_per_second": {
        "max": 16109.656062889826,
        "median": 15368.252970652178,
        "min": 15210.36771593392,
        "p95": 16109.656062889826,
        "relative_range": 0.05851597762434169
      },
      "frames_per_second": {
        "max": 14884.661695247472,
        "median": 14546.986180941436,
        "min": 14531.195559761736,
        "p95": 14884.661695247472,
        "relative_range": 0.02429823821162529
      },
      "games_per_second": {
        "max": 350.0774971627772,
        "median": 336.61552844291566,
        "min": 309.1122626886816,
        "p95": 350.0774971627772,
        "relative_range": 0.12169739959290864
      },
      "gpu_utilization_median": {
        "max": 0.0,
        "median": 0.0,
        "min": 0.0,
        "p95": 0.0,
        "relative_range": null
      },
      "gpu_utilization_p95": {
        "max": 9.0,
        "median": 6.0,
        "min": 6.0,
        "p95": 9.0,
        "relative_range": 0.5
      },
      "learner_updates_per_second": {
        "max": 4.651456779764835,
        "median": 4.545933181544198,
        "min": 4.540998612425542,
        "p95": 4.651456779764835,
        "relative_range": 0.024298238211625394
      },
      "legal_actions_max": {
        "max": 687.0,
        "median": 624.0,
        "min": 622.0,
        "p95": 687.0,
        "relative_range": 0.10416666666666667
      },
      "legal_actions_p50": {
        "max": 2.0,
        "median": 2.0,
        "min": 2.0,
        "p95": 2.0,
        "relative_range": 0.0
      },
      "legal_actions_p95": {
        "max": 30.0,
        "median": 21.0,
        "min": 21.0,
        "p95": 30.0,
        "relative_range": 0.42857142857142855
      },
      "policy_lag_max": {
        "max": 0.0,
        "median": 0.0,
        "min": 0.0,
        "p95": 0.0,
        "relative_range": null
      },
      "repeat": {
        "max": 3.0,
        "median": 2.0,
        "min": 1.0,
        "p95": 3.0,
        "relative_range": 1.0
      },
      "repeats": 3,
      "rss_mib_max": {
        "max": 9080.19921875,
        "median": 9074.578125,
        "min": 9069.41015625,
        "p95": 9080.19921875,
        "relative_range": 0.0011889326810991558
      },
      "single_legal_ratio": {
        "max": 0.3865984696929074,
        "median": 0.37051680713652546,
        "min": 0.3370834489678287,
        "p95": 0.3865984696929074,
        "relative_range": 0.13363771837436172
      },
      "transitions_per_second": {
        "max": 16125.050169851427,
        "median": 15406.959577872376,
        "min": 15239.699808605314,
        "p95": 16125.050169851427,
        "relative_range": 0.05746431388822895
      },
      "vram_mib_max": {
        "max": 1300.0,
        "median": 1260.0,
        "min": 1250.0,
        "p95": 1300.0,
        "relative_range": 0.03968253968253968
      },
      "wall_seconds": {
        "max": 16.471361174990307,
        "median": 16.415816356995492,
        "min": 16.368319700006396,
        "p95": 16.471361174990307,
        "relative_range": 0.006276963188614168
      }
    },
    "legacy_a3_cpu_factorized_compile": {
      "amp_fallbacks": {
        "max": 0.0,
        "median": 0.0,
        "min": 0.0,
        "p95": 0.0,
        "relative_range": null
      },
      "cpu_utilization_median": {
        "max": 1207.7606507482808,
        "median": 1207.175366840749,
        "min": 1206.6198153597688,
        "p95": 1207.7606507482808,
        "relative_range": 0.0009450452849262448
      },
      "decisions_per_second": {
        "max": 17090.157646350784,
        "median": 16701.599336469106,
        "min": 15430.682796665007,
        "p95": 17090.157646350784,
        "relative_range": 0.09936023588245219
      },
      "frames_per_second": {
        "max": 16553.797572429557,
        "median": 16206.745323155563,
        "min": 14891.208868246178,
        "p95": 16553.797572429557,
        "relative_range": 0.10258621771565311
      },
      "games_per_second": {
        "max": 336.00267691657615,